ville1;ville2;distance
Agudelle;Allas-Bocage;2.21
Agudelle;Rouffignac;5.31
Agudelle;Saint-Hilaire-du-Bois;5.36
Agudelle;Saint-Simon-de-Bordes;3.46
Agudelle;Salignac-de-Mirambeau;3.64
Agudelle;Villexavier;2.38
Aigrefeuille-d'Aunis;Croix-Chapeau;4.46
Aigrefeuille-d'Aunis;Forges;4.14
Aigrefeuille-d'Aunis;Le Thou;3.34
Aigrefeuille-d'Aunis;Saint-Christophe;2.62
Aigrefeuille-d'Aunis;Virson;5.26
Allas-Bocage;Agudelle;2.21
Allas-Bocage;Nieul-le-Virouil;4.21
Allas-Bocage;Saint-Hilaire-du-Bois;5.17
Allas-Bocage;Salignac-de-Mirambeau;3.78
Allas-Bocage;Soubran;3.58
Allas-Champagne;Arthenac;3.61
Allas-Champagne;Brie-sous-Archiac;3.05
Allas-Champagne;Meux;3.46
Allas-Champagne;Réaux sur Trèfle;3.28
Allas-Champagne;Saint-Ciers-Champagne;3.95
Allas-Champagne;Sainte-Lheurine;5.7
Anais;Angliers;4.85
Anais;Bouhet;3.82
Anais;Le Gué-d'Alleré;2.91
Anais;Saint-Christophe;5.2
Anais;Saint-Médard-d'Aunis;5.18
Anais;Saint-Sauveur-d'Aunis;3.98
Anais;Virson;4.35
Andilly;Charron;5.95
Andilly;Longèves;4.35
Andilly;Marans;6.19
Andilly;Saint-Ouen-d'Aunis;3.87
Andilly;Villedoux;4.81
Angliers;Anais;4.85
Angliers;Longèves;4.02
Angliers;Nuaillé-d'Aunis;3.84
Angliers;Saint-Médard-d'Aunis;5.4
Angliers;Saint-Sauveur-d'Aunis;4.45
Angliers;Vérines;2.09
Angoulins;Aytré;3.13
Angoulins;Châtelaillon-Plage;4.19
Angoulins;La Jarne;3.15
Angoulins;La Rochelle;8.12
Angoulins;Île-d'Aix;10.98
Annepont;Grandjean;3.37
Annepont;Juicq;2.39
Annepont;La Frédière;2.4
Annepont;Le Douhet;4.72
Annepont;Saint-Vaize;3.41
Annepont;Taillebourg;2.25
Annezay;Chantemerle-sur-la-Soie;5.76
Annezay;Chervettes;3.89
Annezay;Puyrolland;4.02
Annezay;Saint-Crépin;3.73
Annezay;Saint-Laurent-de-la-Barrière;2.53
Annezay;Saint-Loup;3.93
Annezay;Tonnay-Boutonne;4.1
Antezant-la-Chapelle;Courcelles;4.05
Antezant-la-Chapelle;Essouvert;2.88
Antezant-la-Chapelle;La Jarrie-Audouin;4.45
Antezant-la-Chapelle;Saint-Pardoult;2.45
Antezant-la-Chapelle;Vervant;4.07
Arces;Barzan;3.27
Arces;Corme-Écluse;8.02
Arces;Cozes;4.27
Arces;Grézac;5.62
Arces;Semussac;5.4
Arces;Talmont-sur-Gironde;2.9
Archiac;Arthenac;2.78
Archiac;Brie-sous-Archiac;5.32
Archiac;Cierzac;4.36
Archiac;Germignac;5.22
Archiac;Saint-Eugène;3.51
Archiac;Sainte-Lheurine;4.3
Archingeay;Champdolent;4.92
Archingeay;Le Mung;6.24
Archingeay;Les Nouillers;4.74
Archingeay;Puy-du-Lac;3.35
Archingeay;Saint-Savinien;5.6
Archingeay;Tonnay-Boutonne;5.2
Ardillières;Ciré-d'Aunis;3.4
Ardillières;Forges;6.58
Ardillières;Landrais;3.37
Ardillières;Le Thou;5.5
Ardillières;Loire-les-Marais;6.98
Ardillières;Muron;4.75
Ars-en-Ré;La Couarde-sur-Mer;6.16
Ars-en-Ré;Les Portes-en-Ré;3.61
Ars-en-Ré;Loix;5.32
Ars-en-Ré;Saint-Clément-des-Baleines;3.32
Ars-en-Ré;Saint-Denis-d'Oléron;23.14
Arthenac;Allas-Champagne;3.61
Arthenac;Archiac;2.78
Arthenac;Brie-sous-Archiac;3.61
Arthenac;Sainte-Lheurine;3.36
Arvert;Chaillevette;4.64
Arvert;La Tremblade;5.45
Arvert;Les Mathes;5.86
Arvert;Marennes;8.45
Arvert;Saint-Just-Luzac;7.54
Arvert;Étaules;3.21
Asnières-la-Giraud;Fontenet;3.91
Asnières-la-Giraud;Mazeray;4.56
Asnières-la-Giraud;Nantillé;4.14
Asnières-la-Giraud;Saint-Hilaire-de-Villefranche;4.32
Asnières-la-Giraud;Saint-Jean-d'Angély;5.52
Asnières-la-Giraud;Saint-Julien-de-l'Escap;4.37
Aujac;Aumagne;3.86
Aujac;Authon-Ébéon;2.54
Aujac;Blanzac-lès-Matha;4.13
Aujac;Courcerac;2.24
Aujac;Migron;4.64
Aulnay;Cherbonnières;5.88
Aulnay;Dampierre-sur-Boutonne;6.65
Aulnay;La Villedieu;5.36
Aulnay;Nuaillé-sur-Boutonne;4.84
Aulnay;Paillé;4.97
Aulnay;Saint-Georges-de-Longuepierre;4.5
Aulnay;Saint-Mandé-sur-Brédoire;5.73
Aulnay;Villemorin;4.28
Aumagne;Aujac;3.86
Aumagne;Authon-Ébéon;4.39
Aumagne;Blanzac-lès-Matha;4.54
Aumagne;La Brousse;4.38
Aumagne;Sainte-Même;3.49
Aumagne;Varaize;4.88
Authon-Ébéon;Aujac;2.54
Authon-Ébéon;Aumagne;4.39
Authon-Ébéon;Bercloux;2.56
Authon-Ébéon;Migron;4.61
Authon-Ébéon;Sainte-Même;4.84
Authon-Ébéon;Villars-les-Bois;5.04
Avy;Biron;2.74
Avy;Bougneau;5.41
Avy;Fléac-sur-Seugne;2.61
Avy;Marignac;4.55
Avy;Pons;4.75
Avy;Saint-Grégoire-d'Ardennes;4.58
Aytré;Angoulins;3.13
Aytré;La Jarne;3.62
Aytré;La Rochelle;5.58
Aytré;Lagord;6.5
Aytré;Puilboreau;5.68
Aytré;Périgny;3.25
Bagnizeau;Blanzac-lès-Matha;4.32
Bagnizeau;Gibourne;3.17
Bagnizeau;La Brousse;3.78
Bagnizeau;Les Touches-de-Périgny;4.03
Bagnizeau;Matha;4.08
Bagnizeau;Saint-Martin-de-Juillers;4.8
Balanzac;Corme-Royal;2.7
Balanzac;Nancras;2.45
Balanzac;Saint-Romain-de-Benet;6.33
Balanzac;Saint-Sulpice-d'Arnoult;7.67
Balanzac;Sainte-Gemme;4.82
Balanzac;Soulignonne;5.33
Ballans;Brie-sous-Matha;2.41
Ballans;Louzignac;2.59
Ballans;Macqueville;2.17
Ballans;Siecq;4.42
Ballon;Breuil-Magné;5.94
Ballon;Ciré-d'Aunis;3.7
Ballon;Croix-Chapeau;5.85
Ballon;Le Thou;4.62
Ballon;Thairé;3.6
Ballon;Yves;5.02
Barzan;Arces;3.27
Barzan;Chenac-Saint-Seurin-d'Uzet;4.74
Barzan;Cozes;6.06
Barzan;Saint-Romain-sur-Gironde;12.15
Barzan;Talmont-sur-Gironde;3.0
Bazauges;Beauvais-sur-Matha;2.86
Bazauges;Bresdon;5.99
Bazauges;Chives;5.01
Bazauges;Cressé;3.67
Bazauges;Fontaine-Chalendray;3.46
Beaugeay;Hiers-Brouage;4.49
Beaugeay;Moëze;3.96
Beaugeay;Saint-Agnant;4.3
Beaugeay;Saint-Jean-d'Angle;5.14
Beaugeay;Soubise;4.44
Beaugeay;Échillais;5.58
Beauvais-sur-Matha;Bazauges;2.86
Beauvais-sur-Matha;Bresdon;4.1
Beauvais-sur-Matha;Cressé;3.59
Beauvais-sur-Matha;Gourvillette;3.4
Beauvais-sur-Matha;Massac;4.5
Beauvais-sur-Matha;Saint-Ouen-la-Thène;3.31
Bedenac;Bussac-Forêt;5.49
Bedenac;Cercoux;10.49
Bedenac;Chepniers;7.6
Bedenac;Clérac;6.4
Bedenac;Montlieu-la-Garde;6.28
Belluire;Fléac-sur-Seugne;2.36
Belluire;Mazerolles;4.06
Belluire;Mosnac;3.25
Belluire;Pons;5.21
Belluire;Saint-Palais-de-Phiolin;3.23
Belluire;Saint-Quantin-de-Rançanne;3.23
Benon;Bouhet;6.23
Benon;Courçon;6.18
Benon;Ferrières;5.51
Benon;La Laigne;3.68
Benon;Le Gué-d'Alleré;5.84
Benon;Saint-Georges-du-Bois;7.09
Benon;Vouhé;5.29
Bercloux;Authon-Ébéon;2.56
Bercloux;Brizambourg;3.87
Bercloux;Nantillé;3.1
Bercloux;Sainte-Même;4.5
Bercloux;Villars-les-Bois;5.05
Bernay-Saint-Martin;Breuil-la-Réorte;5.43
Bernay-Saint-Martin;Courant;4.37
Bernay-Saint-Martin;Marsais;6.13
Bernay-Saint-Martin;Nachamps;4.96
Bernay-Saint-Martin;Puyrolland;4.39
Bernay-Saint-Martin;Saint-Félix;3.45
Bernay-Saint-Martin;Saint-Mard;6.17
Berneuil;La Jard;1.91
Berneuil;Les Gonds;5.52
Berneuil;Préguillac;2.4
Berneuil;Saint-Léger;5.02
Berneuil;Villars-en-Pons;6.37
Beurlay;La Vallée;3.28
Beurlay;Pont-l'Abbé-d'Arnoult;4.26
Beurlay;Romegoux;3.39
Beurlay;Saint-Sulpice-d'Arnoult;5.21
Beurlay;Sainte-Radegonde;2.53
Bignay;Fenioux;3.47
Bignay;Les Nouillers;4.59
Bignay;Mazeray;3.27
Bignay;Taillant;2.71
Bignay;Ternant;4.18
Bignay;Voissay;2.87
Biron;Avy;2.74
Biron;Bougneau;3.88
Biron;Chadenac;3.76
Biron;Marignac;5.55
Biron;Échebrune;3.32
Blanzac-lès-Matha;Aujac;4.13
Blanzac-lès-Matha;Aumagne;4.54
Blanzac-lès-Matha;Bagnizeau;4.32
Blanzac-lès-Matha;Courcerac;3.35
Blanzac-lès-Matha;La Brousse;3.48
Blanzac-lès-Matha;Matha;3.2
Blanzac-lès-Matha;Prignac;4.42
Blanzay-sur-Boutonne;Coivert;3.21
Blanzay-sur-Boutonne;Dampierre-sur-Boutonne;3.62
Blanzay-sur-Boutonne;Nuaillé-sur-Boutonne;4.32
Blanzay-sur-Boutonne;Saint-Georges-de-Longuepierre;2.58
Blanzay-sur-Boutonne;Saint-Martial;2.6
Blanzay-sur-Boutonne;Saint-Pierre-de-l'Isle;3.21
Blanzay-sur-Boutonne;Saint-Séverin-sur-Boutonne;3.9
Bois;Champagnolles;3.99
Bois;Lorignac;5.25
Bois;Plassac;4.47
Bois;Saint-Ciers-du-Taillon;5.8
Bois;Saint-Genis-de-Saintonge;3.57
Bois;Saint-Palais-de-Phiolin;4.12
Boisredon;Bussac-Forêt;18.23
Boisredon;Courpignac;3.44
Boisredon;Mirambeau;5.5
Boisredon;Saint-Bonnet-sur-Gironde;8.33
Boisredon;Soubran;4.52
Bords;Champdolent;2.17
Bords;Geay;4.33
Bords;La Vallée;4.76
Bords;Lussant;6.01
Bords;Romegoux;4.01
Boresse-et-Martron;Chevanceaux;7.32
Boresse-et-Martron;La Genétouze;8.23
Boresse-et-Martron;Le Fouilloux;7.54
Boresse-et-Martron;Neuvicq;3.75
Boresse-et-Martron;Neuvicq-le-Château;59.98
Boresse-et-Martron;Saint-Eugène;27.52
Boresse-et-Martron;Saint-Maigrin;19.76
Boresse-et-Martron;Saint-Palais-de-Négrignac;5.9
Boscamnant;La Barde;7.11
Boscamnant;La Genétouze;3.62
Boscamnant;Le Fouilloux;4.49
Boscamnant;Saint-Aigulin;3.55
Boscamnant;Saint-Martin-de-Coux;5.97
Bougneau;Avy;5.41
Bougneau;Biron;3.88
Bougneau;Pons;4.76
Bougneau;Pérignac;5.45
Bougneau;Saint-Seurin-de-Palenne;2.53
Bougneau;Échebrune;4.38
Bouhet;Anais;3.82
Bouhet;Benon;6.23
Bouhet;Chambon;6.06
Bouhet;Le Gué-d'Alleré;2.91
Bouhet;Puyravault;4.53
Bouhet;Virson;3.36
Bouhet;Vouhé;4.88
Bourcefranc-le-Chapus;Hiers-Brouage;6.4
Bourcefranc-le-Chapus;La Tremblade;10.7
Bourcefranc-le-Chapus;Le Château-d'Oléron;7.43
Bourcefranc-le-Chapus;Marennes;3.41
Bourcefranc-le-Chapus;Moëze;7.91
Bourcefranc-le-Chapus;Port-des-Barques;11.56
Bourcefranc-le-Chapus;Saint-Froult;9.25
Bourcefranc-le-Chapus;Saint-Trojan-les-Bains;7.41
Bourgneuf;Clavette;3.08
Bourgneuf;Dompierre-sur-Mer;3.97
Bourgneuf;Montroy;1.49
Bourgneuf;Saint-Médard-d'Aunis;4.34
Bourgneuf;Saint-Rogatien;3.99
Bourgneuf;Sainte-Soulle;2.8
Bourgneuf;Vérines;4.97
Boutenac-Touvent;Brie-sous-Mortagne;1.83
Boutenac-Touvent;Floirac;2.71
Boutenac-Touvent;Mortagne-sur-Gironde;1.34
Boutenac-Touvent;Virollet;4.95
Boutenac-Touvent;Épargnes;5.89
Bran;Chevanceaux;6.83
Bran;Le Pin;4.46
Bran;Mérignac;3.8
Bran;Saint-Maigrin;7.38
Bran;Sainte-Colombe;7.62
Bran;Vanzac;3.07
Bresdon;Bazauges;5.99
Bresdon;Beauvais-sur-Matha;4.1
Bresdon;Chives;9.72
Bresdon;La Genétouze;71.91
Bresdon;Neuvicq-le-Château;5.97
Bresdon;Saint-Ouen-la-Thène;1.92
Breuil-Magné;Ballon;5.94
Breuil-Magné;Ciré-d'Aunis;5.03
Breuil-Magné;Loire-les-Marais;3.12
Breuil-Magné;Rochefort;6.36
Breuil-Magné;Saint-Laurent-de-la-Prée;4.94
Breuil-Magné;Vergeroux;3.35
Breuil-Magné;Yves;6.83
Breuil-la-Réorte;Bernay-Saint-Martin;5.43
Breuil-la-Réorte;Chervettes;2.07
Breuil-la-Réorte;La Devise;4.64
Breuil-la-Réorte;Puyrolland;4.55
Breuil-la-Réorte;Saint-Mard;3.29
Breuillet;Chaillevette;4.18
Breuillet;Mornac-sur-Seudre;3.01
Breuillet;Saint-Augustin;4.13
Breuillet;Saint-Palais-sur-Mer;5.41
Breuillet;Saint-Sulpice-de-Royan;4.38
Breuillet;Vaux-sur-Mer;5.47
Breuillet;Étaules;4.79
Brie-sous-Archiac;Allas-Champagne;3.05
Brie-sous-Archiac;Archiac;5.32
Brie-sous-Archiac;Arthenac;3.61
Brie-sous-Archiac;Saint-Ciers-Champagne;2.96
Brie-sous-Archiac;Saint-Eugène;3.3
Brie-sous-Matha;Ballans;2.41
Brie-sous-Matha;Haimps;5.05
Brie-sous-Matha;Le Seure;8.39
Brie-sous-Matha;Louzignac;2.53
Brie-sous-Matha;Macqueville;4.53
Brie-sous-Matha;Mons;6.62
Brie-sous-Matha;Sonnac;2.68
Brie-sous-Mortagne;Boutenac-Touvent;1.83
Brie-sous-Mortagne;Floirac;3.01
Brie-sous-Mortagne;Saint-Fort-sur-Gironde;4.69
Brie-sous-Mortagne;Saint-Germain-du-Seudre;4.23
Brie-sous-Mortagne;Virollet;3.95
Brives-sur-Charente;Chérac;5.22
Brives-sur-Charente;Montils;4.44
Brives-sur-Charente;Pérignac;3.32
Brives-sur-Charente;Rouffiac;3.38
Brives-sur-Charente;Salignac-sur-Charente;3.13
Brizambourg;Bercloux;3.87
Brizambourg;Nantillé;6.12
Brizambourg;Saint-Bris-des-Bois;4.18
Brizambourg;Saint-Césaire;5.8
Brizambourg;Villars-les-Bois;3.32
Brizambourg;Écoyeux;3.48
Burie;Chérac;7.34
Burie;Le Seure;5.9
Burie;Migron;3.94
Burie;Saint-Bris-des-Bois;3.57
Burie;Villars-les-Bois;2.2
Bussac-Forêt;Bedenac;5.49
Bussac-Forêt;Boisredon;18.23
Bussac-Forêt;Chamouillac;13.39
Bussac-Forêt;Chepniers;6.99
Bussac-Forêt;Corignac;4.88
Bussac-Forêt;Courpignac;15.69
Bussac-Forêt;Saint-Bonnet-sur-Gironde;25.95
Bussac-Forêt;Saint-Sorlin-de-Conac;30.17
Bussac-sur-Charente;Fontcouverte;3.77
Bussac-sur-Charente;Le Douhet;4.0
Bussac-sur-Charente;Port-d'Envaux;4.7
Bussac-sur-Charente;Saint-Vaize;2.7
Bussac-sur-Charente;Saintes;5.87
Bussac-sur-Charente;Écurat;5.47
Cabariot;La Vallée;4.12
Cabariot;Lussant;2.71
Cabariot;Saint-Hippolyte;4.38
Cabariot;Tonnay-Charente;4.39
Celles;Cierzac;7.86
Celles;Coulonges;3.31
Celles;Le Seure;20.45
Celles;Lonzac;2.23
Celles;Saint-Martial-sur-Né;3.75
Celles;Salignac-sur-Charente;6.97
Cercoux;Bedenac;10.49
Cercoux;Bussac-Forêt;15.8
Cercoux;Clérac;5.25
Cercoux;Saint-Pierre-du-Palais;5.68
Chadenac;Biron;3.76
Chadenac;Jarnac-Champagne;3.59
Chadenac;Marignac;3.25
Chadenac;Neulles;4.24
Chadenac;Échebrune;4.92
Chaillevette;Arvert;4.64
Chaillevette;Breuillet;4.18
Chaillevette;Mornac-sur-Seudre;4.42
Chaillevette;Nieulle-sur-Seudre;4.26
Chaillevette;Saint-Just-Luzac;7.21
Chaillevette;Étaules;2.67
Chambon;Bouhet;6.06
Chambon;Forges;3.6
Chambon;Landrais;4.49
Chambon;Puyravault;3.51
Chambon;Péré;2.96
Chambon;Virson;4.48
Chamouillac;Bussac-Forêt;13.39
Chamouillac;Corignac;8.86
Chamouillac;Courpignac;2.88
Chamouillac;Rouffignac;3.52
Chamouillac;Salignac-de-Mirambeau;5.15
Chamouillac;Souméras;2.55
Champagnac;Jonzac;4.21
Champagnac;Meux;2.38
Champagnac;Ozillac;3.09
Champagnac;Réaux sur Trèfle;4.11
Champagnac;Saint-Médard;3.66
Champagne;La Gripperie-Saint-Symphorien;5.06
Champagne;Pont-l'Abbé-d'Arnoult;3.99
Champagne;Saint-Agnant;5.07
Champagne;Saint-Jean-d'Angle;4.32
Champagne;Sainte-Gemme;6.39
Champagne;Sainte-Radegonde;4.04
Champagne;Trizay;5.92
Champagnolles;Bois;3.99
Champagnolles;Givrezac;3.68
Champagnolles;Gémozac;6.42
Champagnolles;Lorignac;5.9
Champagnolles;Saint-Germain-du-Seudre;2.99
Champagnolles;Saint-Palais-de-Phiolin;4.44
Champdolent;Archingeay;4.92
Champdolent;Bords;2.17
Champdolent;Geay;6.02
Champdolent;Le Mung;6.74
Champdolent;Lussant;4.73
Champdolent;Puy-du-Lac;3.86
Champdolent;Saint-Coutant-le-Grand;3.86
Chaniers;Courcoury;3.55
Chaniers;Fontcouverte;4.8
Chaniers;La Chapelle-des-Pots;3.66
Chaniers;Les Gonds;5.27
Chaniers;Saint-Sauvant;4.24
Chaniers;Saint-Sever-de-Saintonge;5.36
Chantemerle-sur-la-Soie;Annezay;5.76
Chantemerle-sur-la-Soie;Landes;4.16
Chantemerle-sur-la-Soie;Les Nouillers;4.34
Chantemerle-sur-la-Soie;Saint-Loup;2.96
Chantemerle-sur-la-Soie;Tonnay-Boutonne;5.17
Chantemerle-sur-la-Soie;Torxé;1.45
Charron;Andilly;5.95
Charron;Esnandes;5.67
Charron;Les Portes-en-Ré;32.85
Charron;Loix;29.4
Charron;Marans;8.08
Charron;Nieul-sur-Mer;11.5
Charron;Saint-Martin-de-Ré;24.43
Charron;Villedoux;5.62
Chartuzac;Coux;2.03
Chartuzac;Expiremont;3.33
Chartuzac;Rouffignac;2.77
Chartuzac;Tugéras-Saint-Maurice;2.15
Chartuzac;Villexavier;4.94
Chatenet;Le Pin;1.99
Chatenet;Polignac;2.36
Chatenet;Sainte-Colombe;2.32
Chatenet;Sousmoulins;2.99
Chaunac;Expiremont;2.95
Chaunac;Fontaines-d'Ozillac;3.04
Chaunac;Léoville;3.12
Chaunac;Pommiers-Moulons;3.33
Chaunac;Saint-Médard;4.86
Chaunac;Vibrac;1.64
Chenac-Saint-Seurin-d'Uzet;Barzan;4.74
Chenac-Saint-Seurin-d'Uzet;Cozes;6.96
Chenac-Saint-Seurin-d'Uzet;Mortagne-sur-Gironde;3.23
Chenac-Saint-Seurin-d'Uzet;Saint-Romain-sur-Gironde;8.05
Chenac-Saint-Seurin-d'Uzet;Épargnes;3.74
Chepniers;Bedenac;7.6
Chepniers;Bussac-Forêt;6.99
Chepniers;Corignac;5.29
Chepniers;Jussas;3.54
Chepniers;Montlieu-la-Garde;4.9
Chepniers;Polignac;3.4
Cherbonnières;Aulnay;5.88
Cherbonnières;Gibourne;4.84
Cherbonnières;Loiré-sur-Nie;4.04
Cherbonnières;Paillé;4.32
Cherbonnières;Saint-Martin-de-Juillers;3.22
Cherbonnières;Saint-Pierre-de-Juillers;4.25
Cherbonnières;Villemorin;3.78
Chermignac;Pessines;4.39
Chermignac;Rioux;6.48
Chermignac;Rétaud;4.63
Chermignac;Saintes;5.9
Chermignac;Thénac;2.74
Chervettes;Annezay;3.89
Chervettes;Breuil-la-Réorte;2.07
Chervettes;La Devise;4.18
Chervettes;Puyrolland;3.73
Chervettes;Saint-Laurent-de-la-Barrière;1.53
Chevanceaux;Boresse-et-Martron;7.32
Chevanceaux;Bran;6.83
Chevanceaux;Pouillac;4.73
Chevanceaux;Saint-Maigrin;13.9
Chevanceaux;Saint-Palais-de-Négrignac;2.86
Chevanceaux;Sainte-Colombe;5.17
Chives;Bazauges;5.01
Chives;Bresdon;9.72
Chives;Fontaine-Chalendray;4.25
Chives;La Genétouze;81.27
Chives;Saint-Aigulin;87.35
Châtelaillon-Plage;Angoulins;4.19
Châtelaillon-Plage;Fouras;9.98
Châtelaillon-Plage;La Jarne;5.48
Châtelaillon-Plage;Saint-Vivien;2.64
Châtelaillon-Plage;Salles-sur-Mer;4.07
Châtelaillon-Plage;Yves;5.26
Châtelaillon-Plage;Île-d'Aix;9.05
Chérac;Brives-sur-Charente;5.22
Chérac;Burie;7.34
Chérac;Dompierre-sur-Charente;3.93
Chérac;Le Seure;11.35
Chérac;Rouffiac;4.94
Chérac;Saint-Bris-des-Bois;6.53
Chérac;Saint-Césaire;5.82
Chérac;Saint-Sauvant;4.49
Chérac;Salignac-sur-Charente;5.43
Cierzac;Archiac;4.36
Cierzac;Celles;7.86
Cierzac;Germignac;2.14
Cierzac;Le Seure;25.94
Cierzac;Macqueville;27.46
Cierzac;Saint-Eugène;7.67
Cierzac;Saint-Martial-sur-Né;4.83
Ciré-d'Aunis;Ardillières;3.4
Ciré-d'Aunis;Ballon;3.7
Ciré-d'Aunis;Breuil-Magné;5.03
Ciré-d'Aunis;Le Thou;5.45
Ciré-d'Aunis;Loire-les-Marais;5.04
Clam;Lussac;3.55
Clam;Marignac;3.71
Clam;Neulles;2.33
Clam;Saint-Georges-Antignac;2.96
Clam;Saint-Germain-de-Lusignan;3.12
Clam;Saint-Martial-de-Vitaterne;3.49
Clavette;Bourgneuf;3.08
Clavette;La Jarne;3.56
Clavette;La Jarrie;2.82
Clavette;Montroy;2.06
Clavette;Saint-Rogatien;1.98
Clavette;Salles-sur-Mer;4.59
Clion;Guitinières;3.09
Clion;Lussac;2.91
Clion;Mosnac;4.33
Clion;Saint-Georges-Antignac;3.16
Clion;Saint-Grégoire-d'Ardennes;4.38
Clion;Saint-Sigismond-de-Clermont;3.82
Clérac;Bedenac;6.4
Clérac;Cercoux;5.25
Clérac;Montguyon;6.7
Clérac;Montlieu-la-Garde;7.55
Clérac;Orignolles;5.59
Clérac;Saint-Martin-d'Ary;5.89
Clérac;Saint-Pierre-du-Palais;6.67
Coivert;Blanzay-sur-Boutonne;3.21
Coivert;La Croix-Comtesse;3.67
Coivert;La Jarrie-Audouin;3.85
Coivert;Saint-Martial;2.45
Coivert;Saint-Séverin-sur-Boutonne;3.59
Coivert;Villeneuve-la-Comtesse;3.75
Colombiers;La Jard;2.36
Colombiers;Montils;3.78
Colombiers;Saint-Léger;3.13
Colombiers;Saint-Seurin-de-Palenne;3.98
Colombiers;Saint-Sever-de-Saintonge;5.98
Consac;Plassac;3.73
Consac;Saint-Ciers-du-Taillon;3.75
Consac;Saint-Dizant-du-Bois;2.43
Consac;Saint-Sigismond-de-Clermont;4.68
Consac;Semillac;1.99
Consac;Semoussac;4.22
Contré;Les Éduts;4.55
Contré;Loiré-sur-Nie;6.37
Contré;Néré;4.18
Contré;Saint-Mandé-sur-Brédoire;3.07
Contré;Villemorin;4.18
Contré;Vinax;4.52
Corignac;Bussac-Forêt;4.88
Corignac;Chamouillac;8.86
Corignac;Chepniers;5.29
Corignac;Jussas;4.58
Corignac;Montendre;4.82
Corignac;Souméras;6.5
Corme-Royal;Balanzac;2.7
Corme-Royal;La Clisse;4.51
Corme-Royal;Luchat;4.95
Corme-Royal;Pisany;4.7
Corme-Royal;Saint-Romain-de-Benet;7.01
Corme-Royal;Soulignonne;4.03
Corme-Écluse;Arces;8.02
Corme-Écluse;Grézac;3.93
Corme-Écluse;Le Chay;3.13
Corme-Écluse;Meursac;4.09
Corme-Écluse;Saint-Romain-de-Benet;6.65
Corme-Écluse;Semussac;5.42
Coulonges;Celles;3.31
Coulonges;Lonzac;3.24
Coulonges;Pérignac;3.91
Coulonges;Salignac-sur-Charente;6.79
Coulonges;Échebrune;2.88
Courant;Bernay-Saint-Martin;4.37
Courant;La Vergne;7.58
Courant;Landes;4.85
Courant;Lozay;3.51
Courant;Migré;5.46
Courant;Nachamps;3.31
Courant;Saint-Félix;6.37
Courcelles;Antezant-la-Chapelle;4.05
Courcelles;Essouvert;5.06
Courcelles;Poursay-Garnaud;2.44
Courcelles;Saint-Jean-d'Angély;3.49
Courcelles;Saint-Julien-de-l'Escap;3.35
Courcelles;Vervant;3.04
Courcerac;Aujac;2.24
Courcerac;Blanzac-lès-Matha;3.35
Courcerac;Le Seure;5.65
Courcerac;Migron;4.78
Courcerac;Prignac;1.88
Courcoury;Chaniers;3.55
Courcoury;La Jard;4.92
Courcoury;Les Gonds;3.39
Courcoury;Saint-Sever-de-Saintonge;3.6
Courpignac;Boisredon;3.44
Courpignac;Bussac-Forêt;15.69
Courpignac;Chamouillac;2.88
Courpignac;Salignac-de-Mirambeau;4.31
Courpignac;Soubran;4.69
Courçon;Benon;6.18
Courçon;Ferrières;5.37
Courçon;La Grève-sur-Mignon;2.83
Courçon;La Laigne;5.34
Courçon;La Ronde;5.0
Courçon;Saint-Cyr-du-Doret;2.91
Coux;Chartuzac;2.03
Coux;Expiremont;3.06
Coux;Montendre;3.91
Coux;Rouffignac;3.82
Coux;Souméras;3.6
Cozes;Arces;4.27
Cozes;Barzan;6.06
Cozes;Chenac-Saint-Seurin-d'Uzet;6.96
Cozes;Grézac;3.14
Cozes;Saint-André-de-Lidon;5.24
Cozes;Thaims;5.05
Cozes;Épargnes;4.02
Cramchaban;Dœuil-sur-le-Mignon;16.5
Cramchaban;La Grève-sur-Mignon;4.87
Cramchaban;La Laigne;2.89
Cramchaban;La Ronde;10.82
Cramchaban;Saint-Georges-du-Bois;7.38
Cramchaban;Saint-Pierre-d'Amilly;4.64
Cravans;Gémozac;4.43
Cravans;Montpellier-de-Médillan;5.25
Cravans;Rioux;4.87
Cravans;Saint-André-de-Lidon;3.59
Cravans;Saint-Simon-de-Pellouaille;3.46
Cravans;Virollet;6.5
Crazannes;Geay;4.15
Crazannes;Le Mung;2.52
Crazannes;Plassay;3.34
Crazannes;Port-d'Envaux;4.44
Crazannes;Saint-Savinien;4.55
Cressé;Bazauges;3.67
Cressé;Beauvais-sur-Matha;3.59
Cressé;Fontaine-Chalendray;4.44
Cressé;Gourvillette;3.09
Cressé;Le Gicq;3.7
Cressé;Les Touches-de-Périgny;4.25
Cressé;Seigné;3.93
Croix-Chapeau;Aigrefeuille-d'Aunis;4.46
Croix-Chapeau;Ballon;5.85
Croix-Chapeau;La Jarrie;2.53
Croix-Chapeau;Le Thou;5.08
Croix-Chapeau;Saint-Christophe;5.69
Croix-Chapeau;Saint-Médard-d'Aunis;6.72
Croix-Chapeau;Salles-sur-Mer;4.11
Croix-Chapeau;Thairé;2.87
Dampierre-sur-Boutonne;Aulnay;6.65
Dampierre-sur-Boutonne;Blanzay-sur-Boutonne;3.62
Dampierre-sur-Boutonne;La Villedieu;5.1
Dampierre-sur-Boutonne;Saint-Georges-de-Longuepierre;3.52
Dampierre-sur-Boutonne;Saint-Séverin-sur-Boutonne;3.61
Dolus-d'Oléron;Le Château-d'Oléron;4.46
Dolus-d'Oléron;Le Grand-Village-Plage;5.41
Dolus-d'Oléron;Saint-Pierre-d'Oléron;4.99
Dolus-d'Oléron;Île-d'Aix;13.87
Dompierre-sur-Charente;Chérac;3.93
Dompierre-sur-Charente;Rouffiac;2.84
Dompierre-sur-Charente;Saint-Sauvant;2.72
Dompierre-sur-Charente;Saint-Sever-de-Saintonge;2.65
Dompierre-sur-Mer;Bourgneuf;3.97
Dompierre-sur-Mer;Puilboreau;3.56
Dompierre-sur-Mer;Périgny;3.38
Dompierre-sur-Mer;Saint-Ouen-d'Aunis;5.77
Dompierre-sur-Mer;Saint-Rogatien;4.32
Dompierre-sur-Mer;Saint-Xandre;3.68
Dompierre-sur-Mer;Sainte-Soulle;4.09
Dompierre-sur-Mer;Villedoux;6.61
Dœuil-sur-le-Mignon;Cramchaban;16.5
Dœuil-sur-le-Mignon;La Croix-Comtesse;5.74
Dœuil-sur-le-Mignon;La Ronde;26.79
Dœuil-sur-le-Mignon;Marsais;5.43
Dœuil-sur-le-Mignon;Migré;4.68
Dœuil-sur-le-Mignon;Saint-Félix;5.38
Dœuil-sur-le-Mignon;Saint-Pierre-d'Amilly;12.86
Dœuil-sur-le-Mignon;Saint-Séverin-sur-Boutonne;10.1
Dœuil-sur-le-Mignon;Villeneuve-la-Comtesse;5.57
Esnandes;Charron;5.67
Esnandes;Marsilly;2.73
Esnandes;Nieul-sur-Mer;5.94
Esnandes;Saint-Xandre;4.29
Esnandes;Villedoux;3.19
Essouvert;Antezant-la-Chapelle;2.88
Essouvert;Courcelles;5.06
Essouvert;La Jarrie-Audouin;5.38
Essouvert;La Vergne;4.55
Essouvert;Loulay;5.47
Essouvert;Lozay;5.68
Essouvert;Saint-Jean-d'Angély;5.83
Expiremont;Chartuzac;3.33
Expiremont;Chaunac;2.95
Expiremont;Coux;3.06
Expiremont;Fontaines-d'Ozillac;5.15
Expiremont;Montendre;5.05
Expiremont;Pommiers-Moulons;2.11
Expiremont;Tugéras-Saint-Maurice;3.61
Fenioux;Bignay;3.47
Fenioux;Grandjean;2.08
Fenioux;La Frédière;3.32
Fenioux;Mazeray;3.53
Fenioux;Saint-Hilaire-de-Villefranche;5.44
Fenioux;Taillant;2.84
Ferrières;Benon;5.51
Ferrières;Courçon;5.37
Ferrières;Le Gué-d'Alleré;4.82
Ferrières;Saint-Cyr-du-Doret;4.87
Ferrières;Saint-Jean-de-Liversay;6.01
Ferrières;Saint-Sauveur-d'Aunis;3.6
Floirac;Boutenac-Touvent;2.71
Floirac;Brie-sous-Mortagne;3.01
Floirac;Mortagne-sur-Gironde;3.38
Floirac;Saint-Fort-sur-Gironde;2.56
Floirac;Saint-Romain-sur-Gironde;3.12
Fléac-sur-Seugne;Avy;2.61
Fléac-sur-Seugne;Belluire;2.36
Fléac-sur-Seugne;Mosnac;3.41
Fléac-sur-Seugne;Pons;5.66
Fléac-sur-Seugne;Saint-Grégoire-d'Ardennes;2.68
Fontaine-Chalendray;Bazauges;3.46
Fontaine-Chalendray;Chives;4.25
Fontaine-Chalendray;Cressé;4.44
Fontaine-Chalendray;Romazières;4.83
Fontaine-Chalendray;Seigné;2.91
Fontaine-Chalendray;Villiers-Couture;4.49
Fontaines-d'Ozillac;Chaunac;3.04
Fontaines-d'Ozillac;Expiremont;5.15
Fontaines-d'Ozillac;Ozillac;3.57
Fontaines-d'Ozillac;Saint-Médard;3.33
Fontaines-d'Ozillac;Tugéras-Saint-Maurice;3.22
Fontcouverte;Bussac-sur-Charente;3.77
Fontcouverte;Chaniers;4.8
Fontcouverte;La Chapelle-des-Pots;4.39
Fontcouverte;Le Douhet;4.55
Fontcouverte;Les Gonds;6.95
Fontcouverte;Saintes;5.4
Fontcouverte;Vénérand;3.94
Fontenet;Asnières-la-Giraud;3.91
Fontenet;Nantillé;5.16
Fontenet;Poursay-Garnaud;4.94
Fontenet;Saint-Julien-de-l'Escap;3.07
Fontenet;Sainte-Même;2.92
Fontenet;Varaize;3.39
Forges;Aigrefeuille-d'Aunis;4.14
Forges;Ardillières;6.58
Forges;Chambon;3.6
Forges;Landrais;5.16
Forges;Le Thou;4.28
Forges;Virson;3.36
Fouras;Châtelaillon-Plage;9.98
Fouras;Port-des-Barques;4.59
Fouras;Saint-Laurent-de-la-Prée;3.88
Fouras;Saint-Nazaire-sur-Charente;5.84
Fouras;Yves;7.06
Fouras;Île-d'Aix;8.18
Geay;Bords;4.33
Geay;Champdolent;6.02
Geay;Crazannes;4.15
Geay;Le Mung;3.44
Geay;Plassay;4.62
Geay;Romegoux;3.51
Geay;Saint-Porchaire;4.55
Genouillé;La Devise;4.39
Genouillé;Moragne;4.83
Genouillé;Muron;6.37
Genouillé;Saint-Crépin;4.07
Genouillé;Saint-Germain-de-Marencennes;5.54
Germignac;Archiac;5.22
Germignac;Cierzac;2.14
Germignac;Saint-Martial-sur-Né;3.0
Germignac;Sainte-Lheurine;4.44
Gibourne;Bagnizeau;3.17
Gibourne;Cherbonnières;4.84
Gibourne;Les Touches-de-Périgny;4.3
Gibourne;Loiré-sur-Nie;3.73
Gibourne;Saint-Martin-de-Juillers;2.76
Givrezac;Champagnolles;3.68
Givrezac;Gémozac;4.66
Givrezac;Saint-Palais-de-Phiolin;4.28
Givrezac;Saint-Quantin-de-Rançanne;2.84
Givrezac;Tanzac;1.92
Gourvillette;Beauvais-sur-Matha;3.4
Gourvillette;Cressé;3.09
Gourvillette;Haimps;3.91
Gourvillette;Les Touches-de-Périgny;3.92
Gourvillette;Massac;2.92
Grandjean;Annepont;3.37
Grandjean;Fenioux;2.08
Grandjean;La Frédière;1.96
Grandjean;Taillant;3.31
Grandjean;Taillebourg;4.23
Grézac;Arces;5.62
Grézac;Corme-Écluse;3.93
Grézac;Cozes;3.14
Grézac;Meursac;5.59
Grézac;Thaims;3.68
Guitinières;Clion;3.09
Guitinières;Lussac;4.02
Guitinières;Nieul-le-Virouil;3.56
Guitinières;Saint-Hilaire-du-Bois;2.41
Guitinières;Saint-Sigismond-de-Clermont;2.78
Gémozac;Champagnolles;6.42
Gémozac;Cravans;4.43
Gémozac;Givrezac;4.66
Gémozac;Saint-Germain-du-Seudre;5.38
Gémozac;Saint-Simon-de-Pellouaille;5.39
Gémozac;Tanzac;4.64
Gémozac;Villars-en-Pons;6.38
Gémozac;Virollet;4.4
Haimps;Brie-sous-Matha;5.05
Haimps;Gourvillette;3.91
Haimps;Les Touches-de-Périgny;5.07
Haimps;Louzignac;4.04
Haimps;Massac;2.94
Haimps;Matha;4.63
Haimps;Sonnac;4.11
Hiers-Brouage;Beaugeay;4.49
Hiers-Brouage;Bourcefranc-le-Chapus;6.4
Hiers-Brouage;Marennes;5.05
Hiers-Brouage;Moëze;5.02
Hiers-Brouage;Saint-Jean-d'Angle;6.35
Hiers-Brouage;Saint-Just-Luzac;5.46
Jarnac-Champagne;Chadenac;3.59
Jarnac-Champagne;Lonzac;4.27
Jarnac-Champagne;Neuillac;4.33
Jarnac-Champagne;Neulles;5.16
Jarnac-Champagne;Saint-Martial-sur-Né;3.89
Jarnac-Champagne;Sainte-Lheurine;5.15
Jarnac-Champagne;Échebrune;5.34
Jazennes;Mazerolles;3.44
Jazennes;Pons;4.61
Jazennes;Saint-Léger;5.19
Jazennes;Tanzac;2.91
Jazennes;Villars-en-Pons;2.56
Jonzac;Champagnac;4.21
Jonzac;Ozillac;4.29
Jonzac;Réaux sur Trèfle;4.54
Jonzac;Saint-Germain-de-Lusignan;2.77
Jonzac;Saint-Martial-de-Vitaterne;2.3
Jonzac;Saint-Simon-de-Bordes;3.95
Juicq;Annepont;2.39
Juicq;La Frédière;2.52
Juicq;Le Douhet;3.57
Juicq;Saint-Hilaire-de-Villefranche;3.83
Juicq;Écoyeux;5.29
Jussas;Chepniers;3.54
Jussas;Corignac;4.58
Jussas;Montendre;2.73
Jussas;Polignac;3.98
Jussas;Pommiers-Moulons;5.67
Jussas;Sousmoulins;4.02
L'Houmeau;La Flotte;10.56
L'Houmeau;La Rochelle;3.62
L'Houmeau;Lagord;2.76
L'Houmeau;Nieul-sur-Mer;2.31
L'Houmeau;Rivedoux-Plage;8.39
L'Éguille;Le Gua;2.96
L'Éguille;Mornac-sur-Seudre;3.29
L'Éguille;Médis;6.85
L'Éguille;Saint-Sulpice-de-Royan;3.76
L'Éguille;Saujon;4.47
La Barde;Boscamnant;7.11
La Barde;La Clotte;6.44
La Barde;Saint-Martin-de-Coux;4.18
La Brousse;Aumagne;4.38
La Brousse;Bagnizeau;3.78
La Brousse;Blanzac-lès-Matha;3.48
La Brousse;Saint-Martin-de-Juillers;4.37
La Brousse;Saint-Pierre-de-Juillers;5.08
La Brousse;Varaize;5.29
La Brée-les-Bains;Rivedoux-Plage;17.61
La Brée-les-Bains;Saint-Denis-d'Oléron;3.21
La Brée-les-Bains;Saint-Georges-d'Oléron;4.07
La Brée-les-Bains;Sainte-Marie-de-Ré;16.63
La Brée-les-Bains;Île-d'Aix;14.09
La Chapelle-des-Pots;Chaniers;3.66
La Chapelle-des-Pots;Fontcouverte;4.39
La Chapelle-des-Pots;Saint-Césaire;3.53
La Chapelle-des-Pots;Saint-Sauvant;4.57
La Chapelle-des-Pots;Vénérand;2.83
La Chapelle-des-Pots;Écoyeux;5.7
La Clisse;Corme-Royal;4.51
La Clisse;Luchat;1.99
La Clisse;Nieul-lès-Saintes;2.57
La Clisse;Pessines;3.53
La Clisse;Soulignonne;6.1
La Clisse;Varzay;3.66
La Clotte;Cercoux;5.24
La Clotte;Saint-Martin-de-Coux;4.21
La Clotte;Saint-Pierre-du-Palais;4.86
La Couarde-sur-Mer;Ars-en-Ré;6.16
La Couarde-sur-Mer;Le Bois-Plage-en-Ré;5.09
La Couarde-sur-Mer;Loix;2.34
La Couarde-sur-Mer;Saint-Denis-d'Oléron;20.13
La Couarde-sur-Mer;Saint-Martin-de-Ré;5.39
La Croix-Comtesse;Coivert;3.67
La Croix-Comtesse;Dœuil-sur-le-Mignon;5.74
La Croix-Comtesse;La Jarrie-Audouin;5.59
La Croix-Comtesse;Migré;4.15
La Croix-Comtesse;Vergné;1.61
La Croix-Comtesse;Villeneuve-la-Comtesse;1.79
La Devise;Breuil-la-Réorte;4.64
La Devise;Chervettes;4.18
La Devise;Genouillé;4.39
La Devise;Saint-Crépin;6.33
La Devise;Saint-Germain-de-Marencennes;3.83
La Devise;Saint-Laurent-de-la-Barrière;4.37
La Devise;Saint-Mard;6.31
La Devise;Surgères;5.7
La Flotte;L'Houmeau;10.56
La Flotte;Le Bois-Plage-en-Ré;4.23
La Flotte;Nieul-sur-Mer;12.45
La Flotte;Rivedoux-Plage;3.74
La Flotte;Saint-Martin-de-Ré;4.12
La Flotte;Sainte-Marie-de-Ré;2.59
La Frédière;Annepont;2.4
La Frédière;Fenioux;3.32
La Frédière;Grandjean;1.96
La Frédière;Juicq;2.52
La Frédière;Saint-Hilaire-de-Villefranche;3.95
La Genétouze;Boresse-et-Martron;8.23
La Genétouze;Boscamnant;3.62
La Genétouze;Bresdon;71.91
La Genétouze;Chives;81.27
La Genétouze;Le Fouilloux;6.03
La Genétouze;Neuvicq-le-Château;66.25
La Genétouze;Saint-Aigulin;6.08
La Gripperie-Saint-Symphorien;Champagne;5.06
La Gripperie-Saint-Symphorien;Le Gua;7.33
La Gripperie-Saint-Symphorien;Saint-Jean-d'Angle;4.64
La Gripperie-Saint-Symphorien;Saint-Sornin;2.97
La Gripperie-Saint-Symphorien;Sainte-Gemme;5.0
La Grève-sur-Mignon;Courçon;2.83
La Grève-sur-Mignon;Cramchaban;4.87
La Grève-sur-Mignon;La Laigne;3.56
La Grève-sur-Mignon;La Ronde;6.15
La Jard;Berneuil;1.91
La Jard;Colombiers;2.36
La Jard;Courcoury;4.92
La Jard;Les Gonds;5.81
La Jard;Saint-Léger;4.78
La Jard;Saint-Sever-de-Saintonge;5.42
La Jarne;Angoulins;3.15
La Jarne;Aytré;3.62
La Jarne;Châtelaillon-Plage;5.48
La Jarne;Clavette;3.56
La Jarne;Périgny;4.22
La Jarne;Saint-Rogatien;2.77
La Jarne;Salles-sur-Mer;2.59
La Jarrie;Clavette;2.82
La Jarrie;Croix-Chapeau;2.53
La Jarrie;Montroy;3.5
La Jarrie;Saint-Médard-d'Aunis;5.22
La Jarrie;Salles-sur-Mer;3.92
La Jarrie-Audouin;Antezant-la-Chapelle;4.45
La Jarrie-Audouin;Coivert;3.85
La Jarrie-Audouin;Essouvert;5.38
La Jarrie-Audouin;La Croix-Comtesse;5.59
La Jarrie-Audouin;Loulay;2.75
La Jarrie-Audouin;Saint-Martial;2.19
La Jarrie-Audouin;Saint-Pardoult;3.82
La Jarrie-Audouin;Saint-Pierre-de-l'Isle;2.89
La Jarrie-Audouin;Vergné;4.69
La Laigne;Benon;3.68
La Laigne;Courçon;5.34
La Laigne;Cramchaban;2.89
La Laigne;La Grève-sur-Mignon;3.56
La Laigne;Saint-Georges-du-Bois;7.41
La Rochelle;Angoulins;8.12
La Rochelle;Aytré;5.58
La Rochelle;L'Houmeau;3.62
La Rochelle;Lagord;3.22
La Rochelle;Rivedoux-Plage;8.38
La Rochelle;Île-d'Aix;15.98
La Ronde;Courçon;5.0
La Ronde;Cramchaban;10.82
La Ronde;Dœuil-sur-le-Mignon;26.79
La Ronde;La Grève-sur-Mignon;6.15
La Ronde;La Villedieu;44.28
La Ronde;Saint-Cyr-du-Doret;4.62
La Ronde;Saint-Séverin-sur-Boutonne;36.22
La Ronde;Vinax;53.3
La Tremblade;Arvert;5.45
La Tremblade;Bourcefranc-le-Chapus;10.7
La Tremblade;Les Mathes;6.15
La Tremblade;Marennes;9.41
La Tremblade;Saint-Trojan-les-Bains;8.53
La Vallée;Beurlay;3.28
La Vallée;Bords;4.76
La Vallée;Cabariot;4.12
La Vallée;Lussant;6.07
La Vallée;Romegoux;4.77
La Vallée;Saint-Hippolyte;5.61
La Vallée;Sainte-Radegonde;5.07
La Vallée;Trizay;4.58
La Vergne;Courant;7.58
La Vergne;Essouvert;4.55
La Vergne;Landes;3.69
La Vergne;Lozay;8.29
La Vergne;Saint-Jean-d'Angély;4.83
La Vergne;Ternant;2.74
La Vergne;Voissay;3.78
La Villedieu;Aulnay;5.36
La Villedieu;Dampierre-sur-Boutonne;5.1
La Villedieu;La Ronde;44.28
La Villedieu;Saint-Mandé-sur-Brédoire;4.66
La Villedieu;Saint-Séverin-sur-Boutonne;8.59
La Villedieu;Vinax;9.25
Lagord;Aytré;6.5
Lagord;L'Houmeau;2.76
Lagord;La Rochelle;3.22
Lagord;Marsilly;4.81
Lagord;Nieul-sur-Mer;2.69
Lagord;Puilboreau;2.96
Landes;Chantemerle-sur-la-Soie;4.16
Landes;Courant;4.85
Landes;La Vergne;3.69
Landes;Nachamps;3.55
Landes;Saint-Loup;3.7
Landes;Torxé;4.75
Landes;Voissay;5.31
Landrais;Ardillières;3.37
Landrais;Chambon;4.49
Landrais;Forges;5.16
Landrais;Muron;6.51
Landrais;Péré;4.05
Landrais;Saint-Germain-de-Marencennes;4.51
Le Bois-Plage-en-Ré;La Couarde-sur-Mer;5.09
Le Bois-Plage-en-Ré;La Flotte;4.23
Le Bois-Plage-en-Ré;Saint-Denis-d'Oléron;17.69
Le Bois-Plage-en-Ré;Saint-Martin-de-Ré;1.98
Le Bois-Plage-en-Ré;Sainte-Marie-de-Ré;5.15
Le Chay;Corme-Écluse;3.13
Le Chay;Médis;4.3
Le Chay;Sablonceaux;8.11
Le Chay;Saint-Romain-de-Benet;6.7
Le Chay;Saujon;4.69
Le Chay;Semussac;4.73
Le Château-d'Oléron;Bourcefranc-le-Chapus;7.43
Le Château-d'Oléron;Dolus-d'Oléron;4.46
Le Château-d'Oléron;Le Grand-Village-Plage;2.95
Le Château-d'Oléron;Port-des-Barques;13.07
Le Château-d'Oléron;Saint-Trojan-les-Bains;5.56
Le Château-d'Oléron;Île-d'Aix;15.65
Le Douhet;Annepont;4.72
Le Douhet;Bussac-sur-Charente;4.0
Le Douhet;Fontcouverte;4.55
Le Douhet;Juicq;3.57
Le Douhet;Saint-Vaize;3.48
Le Douhet;Vénérand;3.2
Le Douhet;Écoyeux;4.64
Le Fouilloux;Boresse-et-Martron;7.54
Le Fouilloux;Boscamnant;4.49
Le Fouilloux;La Genétouze;6.03
Le Fouilloux;Montguyon;3.51
Le Fouilloux;Neuvicq;6.3
Le Fouilloux;Saint-Martin-de-Coux;6.77
Le Fouilloux;Saint-Pierre-du-Palais;5.54
Le Gicq;Cressé;3.7
Le Gicq;Les Touches-de-Périgny;3.31
Le Gicq;Loiré-sur-Nie;3.94
Le Gicq;Néré;4.66
Le Gicq;Seigné;3.38
Le Grand-Village-Plage;Dolus-d'Oléron;5.41
Le Grand-Village-Plage;Le Château-d'Oléron;2.95
Le Grand-Village-Plage;Saint-Pierre-d'Oléron;9.9
Le Grand-Village-Plage;Saint-Trojan-les-Bains;3.56
Le Gua;L'Éguille;2.96
Le Gua;La Gripperie-Saint-Symphorien;7.33
Le Gua;Mornac-sur-Seudre;4.83
Le Gua;Nieulle-sur-Seudre;5.96
Le Gua;Sablonceaux;5.61
Le Gua;Saint-Sornin;4.93
Le Gua;Sainte-Gemme;7.8
Le Gua;Saujon;6.09
Le Gué-d'Alleré;Anais;2.91
Le Gué-d'Alleré;Benon;5.84
Le Gué-d'Alleré;Bouhet;2.91
Le Gué-d'Alleré;Ferrières;4.82
Le Gué-d'Alleré;Saint-Sauveur-d'Aunis;2.99
Le Mung;Archingeay;6.24
Le Mung;Champdolent;6.74
Le Mung;Crazannes;2.52
Le Mung;Geay;3.44
Le Mung;Saint-Savinien;3.28
Le Pin;Bran;4.46
Le Pin;Chatenet;1.99
Le Pin;Mérignac;1.59
Le Pin;Sainte-Colombe;4.14
Le Pin;Sousmoulins;2.9
Le Seure;Brie-sous-Matha;8.39
Le Seure;Burie;5.9
Le Seure;Celles;20.45
Le Seure;Chérac;11.35
Le Seure;Cierzac;25.94
Le Seure;Courcerac;5.65
Le Seure;Macqueville;11.82
Le Seure;Migron;3.54
Le Seure;Mons;2.06
Le Seure;Prignac;4.47
Le Seure;Salignac-sur-Charente;14.5
Le Thou;Aigrefeuille-d'Aunis;3.34
Le Thou;Ardillières;5.5
Le Thou;Ballon;4.62
Le Thou;Ciré-d'Aunis;5.45
Le Thou;Croix-Chapeau;5.08
Le Thou;Forges;4.28
Les Essards;Nieul-lès-Saintes;4.93
Les Essards;Plassay;4.64
Les Essards;Saint-Porchaire;3.14
Les Essards;Soulignonne;2.41
Les Gonds;Berneuil;5.52
Les Gonds;Chaniers;5.27
Les Gonds;Courcoury;3.39
Les Gonds;Fontcouverte;6.95
Les Gonds;La Jard;5.81
Les Gonds;Préguillac;4.41
Les Gonds;Saintes;5.2
Les Gonds;Thénac;4.87
Les Mathes;Arvert;5.86
Les Mathes;La Tremblade;6.15
Les Mathes;Saint-Augustin;5.51
Les Mathes;Saint-Clément-des-Baleines;65.47
Les Mathes;Saint-Denis-d'Oléron;39.04
Les Mathes;Saint-Palais-sur-Mer;7.61
Les Mathes;Saint-Pierre-d'Oléron;28.0
Les Mathes;Saint-Trojan-les-Bains;14.67
Les Mathes;Étaules;5.78
Les Nouillers;Archingeay;4.74
Les Nouillers;Bignay;4.59
Les Nouillers;Chantemerle-sur-la-Soie;4.34
Les Nouillers;Saint-Savinien;5.66
Les Nouillers;Taillant;4.59
Les Nouillers;Tonnay-Boutonne;6.09
Les Nouillers;Torxé;3.23
Les Nouillers;Voissay;4.46
Les Portes-en-Ré;Ars-en-Ré;3.61
Les Portes-en-Ré;Charron;32.85
Les Portes-en-Ré;Loix;4.74
Les Portes-en-Ré;Marans;40.91
Les Touches-de-Périgny;Bagnizeau;4.03
Les Touches-de-Périgny;Cressé;4.25
Les Touches-de-Périgny;Gibourne;4.3
Les Touches-de-Périgny;Gourvillette;3.92
Les Touches-de-Périgny;Haimps;5.07
Les Touches-de-Périgny;Le Gicq;3.31
Les Touches-de-Périgny;Loiré-sur-Nie;5.94
Les Touches-de-Périgny;Matha;6.2
Les Éduts;Contré;4.55
Les Éduts;Néré;3.6
Les Éduts;Romazières;2.48
Les Éduts;Saleignes;2.72
Les Éduts;Seigné;5.17
Les Éduts;Vinax;4.09
Les Églises-d'Argenteuil;Nuaillé-sur-Boutonne;4.37
Les Églises-d'Argenteuil;Paillé;2.84
Les Églises-d'Argenteuil;Poursay-Garnaud;3.92
Les Églises-d'Argenteuil;Saint-Pardoult;3.83
Les Églises-d'Argenteuil;Saint-Pierre-de-Juillers;4.75
Les Églises-d'Argenteuil;Varaize;6.24
Les Églises-d'Argenteuil;Vervant;1.9
Loire-les-Marais;Ardillières;6.98
Loire-les-Marais;Breuil-Magné;3.12
Loire-les-Marais;Ciré-d'Aunis;5.04
Loire-les-Marais;Muron;5.34
Loire-les-Marais;Rochefort;6.51
Loire-les-Marais;Saint-Hippolyte;8.28
Loire-les-Marais;Tonnay-Charente;5.25
Loiré-sur-Nie;Cherbonnières;4.04
Loiré-sur-Nie;Contré;6.37
Loiré-sur-Nie;Gibourne;3.73
Loiré-sur-Nie;Le Gicq;3.94
Loiré-sur-Nie;Les Touches-de-Périgny;5.94
Loiré-sur-Nie;Néré;4.2
Loiré-sur-Nie;Villemorin;4.18
Loix;Ars-en-Ré;5.32
Loix;Charron;29.4
Loix;La Couarde-sur-Mer;2.34
Loix;Les Portes-en-Ré;4.74
Loix;Saint-Martin-de-Ré;6.67
Longèves;Andilly;4.35
Longèves;Angliers;4.02
Longèves;Marans;8.28
Longèves;Nuaillé-d'Aunis;3.54
Longèves;Saint-Ouen-d'Aunis;4.51
Longèves;Sainte-Soulle;5.91
Longèves;Vérines;4.49
Lonzac;Celles;2.23
Lonzac;Coulonges;3.24
Lonzac;Jarnac-Champagne;4.27
Lonzac;Saint-Martial-sur-Né;2.45
Lonzac;Échebrune;4.39
Lorignac;Bois;5.25
Lorignac;Champagnolles;5.9
Lorignac;Saint-Ciers-du-Taillon;4.56
Lorignac;Saint-Dizant-du-Gua;4.73
Lorignac;Saint-Fort-sur-Gironde;3.72
Lorignac;Saint-Germain-du-Seudre;5.95
Lorignac;Sainte-Ramée;4.62
Loulay;Essouvert;5.47
Loulay;La Jarrie-Audouin;2.75
Loulay;Lozay;2.29
Loulay;Vergné;2.86
Louzignac;Ballans;2.59
Louzignac;Brie-sous-Matha;2.53
Louzignac;Haimps;4.04
Louzignac;Massac;3.61
Louzignac;Siecq;3.08
Lozay;Courant;3.51
Lozay;Essouvert;5.68
Lozay;La Vergne;8.29
Lozay;Loulay;2.29
Lozay;Migré;4.45
Lozay;Vergné;3.65
Luchat;Corme-Royal;4.95
Luchat;La Clisse;1.99
Luchat;Pisany;2.68
Luchat;Thézac;4.74
Luchat;Varzay;2.29
Lussac;Clam;3.55
Lussac;Clion;2.91
Lussac;Guitinières;4.02
Lussac;Saint-Georges-Antignac;2.83
Lussac;Saint-Germain-de-Lusignan;2.33
Lussac;Saint-Hilaire-du-Bois;4.44
Lussant;Bords;6.01
Lussant;Cabariot;2.71
Lussant;Champdolent;4.73
Lussant;La Vallée;6.07
Lussant;Moragne;4.25
Lussant;Muron;8.26
Lussant;Saint-Coutant-le-Grand;2.74
Lussant;Tonnay-Charente;4.64
Léoville;Chaunac;3.12
Léoville;Messac;3.82
Léoville;Mortiers;2.52
Léoville;Saint-Médard;2.97
Léoville;Vanzac;3.42
Léoville;Vibrac;3.09
Macqueville;Ballans;2.17
Macqueville;Brie-sous-Matha;4.53
Macqueville;Cierzac;27.46
Macqueville;Le Seure;11.82
Macqueville;Neuvicq-le-Château;3.79
Macqueville;Saint-Eugène;33.56
Macqueville;Siecq;4.98
Marans;Andilly;6.19
Marans;Charron;8.08
Marans;Longèves;8.28
Marans;Nuaillé-d'Aunis;9.15
Marans;Saint-Jean-de-Liversay;8.3
Marans;Taugon;11.39
Marennes;Arvert;8.45
Marennes;Bourcefranc-le-Chapus;3.41
Marennes;Hiers-Brouage;5.05
Marennes;La Tremblade;9.41
Marennes;Saint-Just-Luzac;5.27
Marignac;Avy;4.55
Marignac;Biron;5.55
Marignac;Chadenac;3.25
Marignac;Clam;3.71
Marignac;Neulles;3.61
Marignac;Saint-Georges-Antignac;3.2
Marignac;Saint-Grégoire-d'Ardennes;3.06
Marsais;Bernay-Saint-Martin;6.13
Marsais;Dœuil-sur-le-Mignon;5.43
Marsais;Saint-Félix;3.34
Marsais;Saint-Mard;6.7
Marsais;Saint-Pierre-d'Amilly;8.53
Marsais;Saint-Saturnin-du-Bois;4.08
Marsilly;Esnandes;2.73
Marsilly;Lagord;4.81
Marsilly;Nieul-sur-Mer;3.26
Marsilly;Puilboreau;4.98
Marsilly;Saint-Xandre;3.69
Massac;Beauvais-sur-Matha;4.5
Massac;Gourvillette;2.92
Massac;Haimps;2.94
Massac;Louzignac;3.61
Massac;Saint-Ouen-la-Thène;3.69
Massac;Siecq;3.33
Matha;Bagnizeau;4.08
Matha;Blanzac-lès-Matha;3.2
Matha;Haimps;4.63
Matha;Les Touches-de-Périgny;6.2
Matha;Prignac;4.28
Matha;Sonnac;4.48
Matha;Thors;4.28
Mazeray;Asnières-la-Giraud;4.56
Mazeray;Bignay;3.27
Mazeray;Fenioux;3.53
Mazeray;Saint-Hilaire-de-Villefranche;6.58
Mazeray;Saint-Jean-d'Angély;4.3
Mazeray;Ternant;3.42
Mazerolles;Belluire;4.06
Mazerolles;Jazennes;3.44
Mazerolles;Pons;3.12
Mazerolles;Saint-Quantin-de-Rançanne;2.75
Mazerolles;Tanzac;2.89
Meschers-sur-Gironde;Saint-Georges-de-Didonne;4.25
Meschers-sur-Gironde;Saint-Palais-sur-Mer;15.25
Meschers-sur-Gironde;Saint-Sorlin-de-Conac;31.13
Meschers-sur-Gironde;Semussac;3.88
Meschers-sur-Gironde;Talmont-sur-Gironde;4.84
Meschers-sur-Gironde;Vaux-sur-Mer;11.78
Messac;Léoville;3.82
Messac;Mérignac;2.09
Messac;Pommiers-Moulons;3.45
Messac;Sousmoulins;4.52
Messac;Vanzac;1.77
Messac;Vibrac;2.16
Meursac;Corme-Écluse;4.09
Meursac;Grézac;5.59
Meursac;Pisany;6.16
Meursac;Saint-Romain-de-Benet;5.21
Meursac;Thaims;4.66
Meursac;Thézac;3.61
Meux;Allas-Champagne;3.46
Meux;Champagnac;2.38
Meux;Réaux sur Trèfle;3.13
Meux;Saint-Ciers-Champagne;4.15
Meux;Saint-Germain-de-Vibrac;3.28
Meux;Saint-Médard;4.81
Migron;Aujac;4.64
Migron;Authon-Ébéon;4.61
Migron;Burie;3.94
Migron;Courcerac;4.78
Migron;Le Seure;3.54
Migron;Villars-les-Bois;3.14
Migré;Courant;5.46
Migré;Dœuil-sur-le-Mignon;4.68
Migré;La Croix-Comtesse;4.15
Migré;Lozay;4.45
Migré;Saint-Félix;3.73
Migré;Vergné;3.63
Mirambeau;Boisredon;5.5
Mirambeau;Nieul-le-Virouil;6.15
Mirambeau;Saint-Bonnet-sur-Gironde;6.78
Mirambeau;Saint-Dizant-du-Bois;4.05
Mirambeau;Saint-Martial-de-Mirambeau;2.76
Mirambeau;Soubran;3.79
Mons;Brie-sous-Matha;6.62
Mons;Le Seure;2.06
Mons;Prignac;3.04
Mons;Sonnac;5.08
Mons;Thors;2.68
Montendre;Corignac;4.82
Montendre;Coux;3.91
Montendre;Expiremont;5.05
Montendre;Jussas;2.73
Montendre;Pommiers-Moulons;5.36
Montendre;Souméras;3.98
Montguyon;Clérac;6.7
Montguyon;Le Fouilloux;3.51
Montguyon;Neuvicq;4.91
Montguyon;Saint-Martin-d'Ary;2.62
Montguyon;Saint-Pierre-du-Palais;5.89
Montils;Brives-sur-Charente;4.44
Montils;Colombiers;3.78
Montils;Pérignac;4.67
Montils;Rouffiac;3.12
Montils;Saint-Seurin-de-Palenne;3.95
Montils;Saint-Sever-de-Saintonge;3.76
Montlieu-la-Garde;Bedenac;6.28
Montlieu-la-Garde;Chepniers;4.9
Montlieu-la-Garde;Clérac;7.55
Montlieu-la-Garde;Orignolles;3.19
Montlieu-la-Garde;Polignac;5.86
Montlieu-la-Garde;Pouillac;4.33
Montlieu-la-Garde;Sainte-Colombe;5.38
Montpellier-de-Médillan;Cravans;5.25
Montpellier-de-Médillan;Rioux;3.59
Montpellier-de-Médillan;Rétaud;4.8
Montpellier-de-Médillan;Saint-André-de-Lidon;5.57
Montpellier-de-Médillan;Thaims;3.53
Montpellier-de-Médillan;Thézac;5.51
Montroy;Bourgneuf;1.49
Montroy;Clavette;2.06
Montroy;La Jarrie;3.5
Montroy;Saint-Médard-d'Aunis;3.9
Moragne;Genouillé;4.83
Moragne;Lussant;4.25
Moragne;Muron;6.43
Moragne;Puy-du-Lac;4.92
Moragne;Saint-Coutant-le-Grand;3.28
Moragne;Saint-Crépin;4.94
Mornac-sur-Seudre;Breuillet;3.01
Mornac-sur-Seudre;Chaillevette;4.42
Mornac-sur-Seudre;L'Éguille;3.29
Mornac-sur-Seudre;Le Gua;4.83
Mornac-sur-Seudre;Nieulle-sur-Seudre;5.45
Mornac-sur-Seudre;Saint-Sulpice-de-Royan;3.99
Mortagne-sur-Gironde;Boutenac-Touvent;1.34
Mortagne-sur-Gironde;Chenac-Saint-Seurin-d'Uzet;3.23
Mortagne-sur-Gironde;Floirac;3.38
Mortagne-sur-Gironde;Saint-Romain-sur-Gironde;5.43
Mortagne-sur-Gironde;Épargnes;5.47
Mortiers;Léoville;2.52
Mortiers;Saint-Germain-de-Vibrac;2.49
Mortiers;Saint-Maigrin;3.85
Mortiers;Saint-Médard;2.45
Mortiers;Vanzac;4.87
Mosnac;Belluire;3.25
Mosnac;Clion;4.33
Mosnac;Fléac-sur-Seugne;3.41
Mosnac;Saint-Genis-de-Saintonge;3.32
Mosnac;Saint-Grégoire-d'Ardennes;2.7
Mosnac;Saint-Palais-de-Phiolin;4.12
Mosnac;Saint-Sigismond-de-Clermont;6.13
Moëze;Beaugeay;3.96
Moëze;Bourcefranc-le-Chapus;7.91
Moëze;Hiers-Brouage;5.02
Moëze;Saint-Froult;2.86
Moëze;Soubise;4.48
Muron;Ardillières;4.75
Muron;Genouillé;6.37
Muron;Landrais;6.51
Muron;Loire-les-Marais;5.34
Muron;Lussant;8.26
Muron;Moragne;6.43
Muron;Saint-Germain-de-Marencennes;8.03
Muron;Tonnay-Charente;5.38
Médis;L'Éguille;6.85
Médis;Le Chay;4.3
Médis;Royan;4.8
Médis;Saint-Georges-de-Didonne;4.65
Médis;Saint-Sulpice-de-Royan;5.16
Médis;Saujon;4.02
Médis;Semussac;5.81
Mérignac;Bran;3.8
Mérignac;Le Pin;1.59
Mérignac;Messac;2.09
Mérignac;Sousmoulins;3.28
Mérignac;Vanzac;3.21
Nachamps;Bernay-Saint-Martin;4.96
Nachamps;Courant;3.31
Nachamps;Landes;3.55
Nachamps;Puyrolland;2.76
Nachamps;Saint-Loup;3.06
Nancras;Balanzac;2.45
Nancras;Sablonceaux;4.06
Nancras;Saint-Romain-de-Benet;6.36
Nancras;Sainte-Gemme;3.33
Nantillé;Asnières-la-Giraud;4.14
Nantillé;Bercloux;3.1
Nantillé;Brizambourg;6.12
Nantillé;Fontenet;5.16
Nantillé;Saint-Hilaire-de-Villefranche;4.1
Nantillé;Sainte-Même;2.91
Nantillé;Écoyeux;5.91
Neuillac;Jarnac-Champagne;4.33
Neuillac;Neulles;2.3
Neuillac;Réaux sur Trèfle;5.66
Neuillac;Saint-Martial-de-Vitaterne;6.27
Neuillac;Sainte-Lheurine;3.45
Neulles;Chadenac;4.24
Neulles;Clam;2.33
Neulles;Jarnac-Champagne;5.16
Neulles;Marignac;3.61
Neulles;Neuillac;2.3
Neulles;Saint-Martial-de-Vitaterne;5.23
Neuvicq;Boresse-et-Martron;3.75
Neuvicq;Le Fouilloux;6.3
Neuvicq;Montguyon;4.91
Neuvicq;Saint-Martin-d'Ary;4.85
Neuvicq;Saint-Palais-de-Négrignac;3.58
Neuvicq-le-Château;Boresse-et-Martron;59.98
Neuvicq-le-Château;Bresdon;5.97
Neuvicq-le-Château;La Genétouze;66.25
Neuvicq-le-Château;Macqueville;3.79
Neuvicq-le-Château;Saint-Eugène;36.04
Neuvicq-le-Château;Saint-Ouen-la-Thène;5.81
Neuvicq-le-Château;Siecq;3.82
Nieul-le-Virouil;Allas-Bocage;4.21
Nieul-le-Virouil;Guitinières;3.56
Nieul-le-Virouil;Mirambeau;6.15
Nieul-le-Virouil;Saint-Dizant-du-Bois;3.5
Nieul-le-Virouil;Saint-Hilaire-du-Bois;3.63
Nieul-le-Virouil;Saint-Sigismond-de-Clermont;4.01
Nieul-le-Virouil;Soubran;6.64
Nieul-lès-Saintes;La Clisse;2.57
Nieul-lès-Saintes;Les Essards;4.93
Nieul-lès-Saintes;Pessines;4.24
Nieul-lès-Saintes;Plassay;7.99
Nieul-lès-Saintes;Saint-Georges-des-Coteaux;3.88
Nieul-lès-Saintes;Soulignonne;4.69
Nieul-sur-Mer;Charron;11.5
Nieul-sur-Mer;Esnandes;5.94
Nieul-sur-Mer;L'Houmeau;2.31
Nieul-sur-Mer;La Flotte;12.45
Nieul-sur-Mer;Lagord;2.69
Nieul-sur-Mer;Marsilly;3.26
Nieul-sur-Mer;Saint-Martin-de-Ré;15.54
Nieulle-sur-Seudre;Chaillevette;4.26
Nieulle-sur-Seudre;Le Gua;5.96
Nieulle-sur-Seudre;Mornac-sur-Seudre;5.45
Nieulle-sur-Seudre;Saint-Just-Luzac;4.66
Nieulle-sur-Seudre;Saint-Sornin;4.42
Nuaillé-d'Aunis;Angliers;3.84
Nuaillé-d'Aunis;Longèves;3.54
Nuaillé-d'Aunis;Marans;9.15
Nuaillé-d'Aunis;Saint-Jean-de-Liversay;5.89
Nuaillé-d'Aunis;Saint-Sauveur-d'Aunis;4.17
Nuaillé-sur-Boutonne;Aulnay;4.84
Nuaillé-sur-Boutonne;Blanzay-sur-Boutonne;4.32
Nuaillé-sur-Boutonne;Les Églises-d'Argenteuil;4.37
Nuaillé-sur-Boutonne;Paillé;3.8
Nuaillé-sur-Boutonne;Saint-Georges-de-Longuepierre;3.02
Nuaillé-sur-Boutonne;Saint-Pardoult;3.68
Nuaillé-sur-Boutonne;Saint-Pierre-de-l'Isle;2.95
Néré;Contré;4.18
Néré;Le Gicq;4.66
Néré;Les Éduts;3.6
Néré;Loiré-sur-Nie;4.2
Néré;Seigné;3.63
Orignolles;Clérac;5.59
Orignolles;Montlieu-la-Garde;3.19
Orignolles;Pouillac;5.94
Orignolles;Saint-Martin-d'Ary;2.61
Orignolles;Saint-Palais-de-Négrignac;6.46
Ozillac;Champagnac;3.09
Ozillac;Fontaines-d'Ozillac;3.57
Ozillac;Jonzac;4.29
Ozillac;Saint-Médard;3.94
Ozillac;Saint-Simon-de-Bordes;3.88
Ozillac;Tugéras-Saint-Maurice;5.81
Ozillac;Villexavier;4.32
Paillé;Aulnay;4.97
Paillé;Cherbonnières;4.32
Paillé;Les Églises-d'Argenteuil;2.84
Paillé;Nuaillé-sur-Boutonne;3.8
Paillé;Saint-Pierre-de-Juillers;4.46
Pessines;Chermignac;4.39
Pessines;La Clisse;3.53
Pessines;Nieul-lès-Saintes;4.24
Pessines;Rétaud;5.92
Pessines;Saint-Georges-des-Coteaux;5.15
Pessines;Saintes;5.15
Pessines;Varzay;3.69
Pisany;Corme-Royal;4.7
Pisany;Luchat;2.68
Pisany;Meursac;6.16
Pisany;Saint-Romain-de-Benet;5.02
Pisany;Thézac;3.17
Plassac;Bois;4.47
Plassac;Consac;3.73
Plassac;Saint-Ciers-du-Taillon;4.77
Plassac;Saint-Genis-de-Saintonge;3.32
Plassac;Saint-Sigismond-de-Clermont;2.59
Plassay;Crazannes;3.34
Plassay;Geay;4.62
Plassay;Les Essards;4.64
Plassay;Nieul-lès-Saintes;7.99
Plassay;Port-d'Envaux;4.49
Plassay;Saint-Georges-des-Coteaux;6.46
Plassay;Saint-Porchaire;3.56
Plassay;Écurat;4.36
Polignac;Chatenet;2.36
Polignac;Chepniers;3.4
Polignac;Jussas;3.98
Polignac;Montlieu-la-Garde;5.86
Polignac;Sainte-Colombe;2.51
Polignac;Sousmoulins;3.46
Pommiers-Moulons;Chaunac;3.33
Pommiers-Moulons;Expiremont;2.11
Pommiers-Moulons;Jussas;5.67
Pommiers-Moulons;Messac;3.45
Pommiers-Moulons;Montendre;5.36
Pommiers-Moulons;Sousmoulins;2.83
Pommiers-Moulons;Vibrac;2.61
Pons;Avy;4.75
Pons;Belluire;5.21
Pons;Bougneau;4.76
Pons;Fléac-sur-Seugne;5.66
Pons;Jazennes;4.61
Pons;Mazerolles;3.12
Pons;Saint-Léger;4.49
Pons;Saint-Seurin-de-Palenne;6.09
Pont-l'Abbé-d'Arnoult;Beurlay;4.26
Pont-l'Abbé-d'Arnoult;Champagne;3.99
Pont-l'Abbé-d'Arnoult;Saint-Sulpice-d'Arnoult;3.19
Pont-l'Abbé-d'Arnoult;Sainte-Gemme;6.02
Pont-l'Abbé-d'Arnoult;Sainte-Radegonde;2.67
Port-d'Envaux;Bussac-sur-Charente;4.7
Port-d'Envaux;Crazannes;4.44
Port-d'Envaux;Plassay;4.49
Port-d'Envaux;Saint-Savinien;7.59
Port-d'Envaux;Saint-Vaize;3.95
Port-d'Envaux;Taillebourg;4.13
Port-d'Envaux;Écurat;3.2
Port-des-Barques;Bourcefranc-le-Chapus;11.56
Port-des-Barques;Fouras;4.59
Port-des-Barques;Le Château-d'Oléron;13.07
Port-des-Barques;Saint-Froult;3.27
Port-des-Barques;Saint-Nazaire-sur-Charente;3.42
Port-des-Barques;Île-d'Aix;11.36
Pouillac;Chevanceaux;4.73
Pouillac;Montlieu-la-Garde;4.33
Pouillac;Orignolles;5.94
Pouillac;Saint-Palais-de-Négrignac;4.47
Pouillac;Sainte-Colombe;1.65
Poursay-Garnaud;Courcelles;2.44
Poursay-Garnaud;Fontenet;4.94
Poursay-Garnaud;Les Églises-d'Argenteuil;3.92
Poursay-Garnaud;Saint-Julien-de-l'Escap;3.44
Poursay-Garnaud;Varaize;3.57
Poursay-Garnaud;Vervant;2.31
Prignac;Blanzac-lès-Matha;4.42
Prignac;Courcerac;1.88
Prignac;Le Seure;4.47
Prignac;Matha;4.28
Prignac;Mons;3.04
Prignac;Thors;2.56
Préguillac;Berneuil;2.4
Préguillac;Les Gonds;4.41
Préguillac;Tesson;4.76
Préguillac;Thénac;2.3
Préguillac;Villars-en-Pons;7.18
Puilboreau;Aytré;5.68
Puilboreau;Dompierre-sur-Mer;3.56
Puilboreau;Lagord;2.96
Puilboreau;Marsilly;4.98
Puilboreau;Périgny;3.66
Puilboreau;Saint-Xandre;3.5
Puy-du-Lac;Archingeay;3.35
Puy-du-Lac;Champdolent;3.86
Puy-du-Lac;Moragne;4.92
Puy-du-Lac;Saint-Coutant-le-Grand;2.68
Puy-du-Lac;Saint-Crépin;5.91
Puy-du-Lac;Tonnay-Boutonne;4.71
Puyravault;Bouhet;4.53
Puyravault;Chambon;3.51
Puyravault;Péré;4.63
Puyravault;Surgères;5.9
Puyravault;Vouhé;2.54
Puyrolland;Annezay;4.02
Puyrolland;Bernay-Saint-Martin;4.39
Puyrolland;Breuil-la-Réorte;4.55
Puyrolland;Chervettes;3.73
Puyrolland;Nachamps;2.76
Puyrolland;Saint-Loup;3.78
Pérignac;Bougneau;5.45
Pérignac;Brives-sur-Charente;3.32
Pérignac;Coulonges;3.91
Pérignac;Montils;4.67
Pérignac;Saint-Seurin-de-Palenne;4.49
Pérignac;Salignac-sur-Charente;4.97
Pérignac;Échebrune;5.37
Périgny;Aytré;3.25
Périgny;Dompierre-sur-Mer;3.38
Périgny;La Jarne;4.22
Périgny;Puilboreau;3.66
Périgny;Saint-Rogatien;2.47
Péré;Chambon;2.96
Péré;Landrais;4.05
Péré;Puyravault;4.63
Péré;Saint-Germain-de-Marencennes;3.05
Péré;Surgères;5.01
Rioux;Chermignac;6.48
Rioux;Cravans;4.87
Rioux;Montpellier-de-Médillan;3.59
Rioux;Rétaud;4.13
Rioux;Saint-Simon-de-Pellouaille;4.16
Rioux;Tesson;4.16
Rioux;Thénac;6.05
Rivedoux-Plage;L'Houmeau;8.39
Rivedoux-Plage;La Brée-les-Bains;17.61
Rivedoux-Plage;La Flotte;3.74
Rivedoux-Plage;La Rochelle;8.38
Rivedoux-Plage;Sainte-Marie-de-Ré;2.99
Rivedoux-Plage;Île-d'Aix;17.93
Rochefort;Breuil-Magné;6.36
Rochefort;Loire-les-Marais;6.51
Rochefort;Saint-Hippolyte;5.83
Rochefort;Saint-Nazaire-sur-Charente;4.33
Rochefort;Soubise;4.39
Rochefort;Vergeroux;3.56
Rochefort;Échillais;4.76
Romazières;Fontaine-Chalendray;4.83
Romazières;Les Éduts;2.48
Romazières;Saleignes;3.03
Romazières;Seigné;5.25
Romazières;Villiers-Couture;2.01
Romegoux;Beurlay;3.39
Romegoux;Bords;4.01
Romegoux;Geay;3.51
Romegoux;La Vallée;4.77
Romegoux;Saint-Porchaire;4.73
Romegoux;Saint-Sulpice-d'Arnoult;5.38
Rouffiac;Brives-sur-Charente;3.38
Rouffiac;Chérac;4.94
Rouffiac;Dompierre-sur-Charente;2.84
Rouffiac;Montils;3.12
Rouffiac;Saint-Sever-de-Saintonge;2.37
Rouffignac;Agudelle;5.31
Rouffignac;Chamouillac;3.52
Rouffignac;Chartuzac;2.77
Rouffignac;Coux;3.82
Rouffignac;Salignac-de-Mirambeau;2.83
Rouffignac;Souméras;4.8
Rouffignac;Villexavier;4.82
Royan;Médis;4.8
Royan;Saint-Georges-de-Didonne;4.54
Royan;Saint-Sulpice-de-Royan;4.42
Royan;Vaux-sur-Mer;3.36
Réaux sur Trèfle;Allas-Champagne;3.28
Réaux sur Trèfle;Champagnac;4.11
Réaux sur Trèfle;Jonzac;4.54
Réaux sur Trèfle;Meux;3.13
Réaux sur Trèfle;Neuillac;5.66
Réaux sur Trèfle;Saint-Martial-de-Vitaterne;3.92
Réaux sur Trèfle;Sainte-Lheurine;6.57
Rétaud;Chermignac;4.63
Rétaud;Montpellier-de-Médillan;4.8
Rétaud;Pessines;5.92
Rétaud;Rioux;4.13
Rétaud;Thézac;4.66
Rétaud;Varzay;3.21
Sablonceaux;Le Chay;8.11
Sablonceaux;Le Gua;5.61
Sablonceaux;Nancras;4.06
Sablonceaux;Saint-Romain-de-Benet;3.91
Sablonceaux;Sainte-Gemme;6.81
Sablonceaux;Saujon;5.33
Saint-Agnant;Beaugeay;4.3
Saint-Agnant;Champagne;5.07
Saint-Agnant;Saint-Jean-d'Angle;4.34
Saint-Agnant;Trizay;4.15
Saint-Agnant;Échillais;3.85
Saint-Aigulin;Boscamnant;3.55
Saint-Aigulin;La Barde;4.58
Saint-Aigulin;La Genétouze;6.08
Saint-André-de-Lidon;Cozes;5.24
Saint-André-de-Lidon;Cravans;3.59
Saint-André-de-Lidon;Montpellier-de-Médillan;5.57
Saint-André-de-Lidon;Thaims;4.46
Saint-André-de-Lidon;Virollet;5.55
Saint-André-de-Lidon;Épargnes;5.16
Saint-Augustin;Breuillet;4.13
Saint-Augustin;Les Mathes;5.51
Saint-Augustin;Saint-Palais-sur-Mer;3.13
Saint-Augustin;Étaules;4.09
Saint-Bonnet-sur-Gironde;Boisredon;8.33
Saint-Bonnet-sur-Gironde;Bussac-Forêt;25.95
Saint-Bonnet-sur-Gironde;Mirambeau;6.78
Saint-Bonnet-sur-Gironde;Saint-Georges-des-Agoûts;3.92
Saint-Bonnet-sur-Gironde;Saint-Martial-de-Mirambeau;5.73
Saint-Bonnet-sur-Gironde;Saint-Sorlin-de-Conac;4.3
Saint-Bonnet-sur-Gironde;Semoussac;5.72
Saint-Bris-des-Bois;Brizambourg;4.18
Saint-Bris-des-Bois;Burie;3.57
Saint-Bris-des-Bois;Chérac;6.53
Saint-Bris-des-Bois;Saint-Césaire;2.08
Saint-Bris-des-Bois;Villars-les-Bois;4.23
Saint-Christophe;Aigrefeuille-d'Aunis;2.62
Saint-Christophe;Anais;5.2
Saint-Christophe;Croix-Chapeau;5.69
Saint-Christophe;Saint-Médard-d'Aunis;2.6
Saint-Christophe;Virson;4.9
Saint-Ciers-Champagne;Allas-Champagne;3.95
Saint-Ciers-Champagne;Brie-sous-Archiac;2.96
Saint-Ciers-Champagne;Meux;4.15
Saint-Ciers-Champagne;Saint-Eugène;5.96
Saint-Ciers-Champagne;Saint-Germain-de-Vibrac;3.58
Saint-Ciers-Champagne;Saint-Maigrin;4.14
Saint-Ciers-du-Taillon;Bois;5.8
Saint-Ciers-du-Taillon;Consac;3.75
Saint-Ciers-du-Taillon;Lorignac;4.56
Saint-Ciers-du-Taillon;Plassac;4.77
Saint-Ciers-du-Taillon;Sainte-Ramée;2.78
Saint-Ciers-du-Taillon;Semoussac;4.66
Saint-Clément-des-Baleines;Ars-en-Ré;3.32
Saint-Clément-des-Baleines;Les Portes-en-Ré;2.97
Saint-Clément-des-Baleines;Saint-Denis-d'Oléron;26.44
Saint-Coutant-le-Grand;Champdolent;3.86
Saint-Coutant-le-Grand;Lussant;2.74
Saint-Coutant-le-Grand;Moragne;3.28
Saint-Coutant-le-Grand;Puy-du-Lac;2.68
Saint-Crépin;Annezay;3.73
Saint-Crépin;Genouillé;4.07
Saint-Crépin;La Devise;6.33
Saint-Crépin;Moragne;4.94
Saint-Crépin;Puy-du-Lac;5.91
Saint-Crépin;Saint-Laurent-de-la-Barrière;4.69
Saint-Crépin;Tonnay-Boutonne;3.35
Saint-Cyr-du-Doret;Courçon;2.91
Saint-Cyr-du-Doret;Ferrières;4.87
Saint-Cyr-du-Doret;La Ronde;4.62
Saint-Cyr-du-Doret;Saint-Jean-de-Liversay;4.42
Saint-Cyr-du-Doret;Taugon;5.38
Saint-Césaire;Brizambourg;5.8
Saint-Césaire;Chérac;5.82
Saint-Césaire;La Chapelle-des-Pots;3.53
Saint-Césaire;Saint-Bris-des-Bois;2.08
Saint-Césaire;Saint-Sauvant;2.61
Saint-Césaire;Écoyeux;6.94
Saint-Denis-d'Oléron;Ars-en-Ré;23.14
Saint-Denis-d'Oléron;La Brée-les-Bains;3.21
Saint-Denis-d'Oléron;La Couarde-sur-Mer;20.13
Saint-Denis-d'Oléron;Le Bois-Plage-en-Ré;17.69
Saint-Denis-d'Oléron;Les Mathes;39.04
Saint-Denis-d'Oléron;Saint-Clément-des-Baleines;26.44
Saint-Denis-d'Oléron;Saint-Georges-d'Oléron;7.09
Saint-Denis-d'Oléron;Saint-Pierre-d'Oléron;11.21
Saint-Denis-d'Oléron;Sainte-Marie-de-Ré;15.55
Saint-Dizant-du-Bois;Consac;2.43
Saint-Dizant-du-Bois;Mirambeau;4.05
Saint-Dizant-du-Bois;Nieul-le-Virouil;3.5
Saint-Dizant-du-Bois;Saint-Martial-de-Mirambeau;3.2
Saint-Dizant-du-Bois;Saint-Sigismond-de-Clermont;5.53
Saint-Dizant-du-Bois;Semillac;1.69
Saint-Dizant-du-Gua;Lorignac;4.73
Saint-Dizant-du-Gua;Saint-Fort-sur-Gironde;4.09
Saint-Dizant-du-Gua;Saint-Romain-sur-Gironde;4.93
Saint-Dizant-du-Gua;Saint-Thomas-de-Conac;3.91
Saint-Dizant-du-Gua;Sainte-Ramée;3.71
Saint-Eugène;Archiac;3.51
Saint-Eugène;Boresse-et-Martron;27.52
Saint-Eugène;Brie-sous-Archiac;3.3
Saint-Eugène;Cierzac;7.67
Saint-Eugène;Macqueville;33.56
Saint-Eugène;Neuvicq-le-Château;36.04
Saint-Eugène;Saint-Ciers-Champagne;5.96
Saint-Eugène;Saint-Maigrin;9.22
Saint-Fort-sur-Gironde;Brie-sous-Mortagne;4.69
Saint-Fort-sur-Gironde;Floirac;2.56
Saint-Fort-sur-Gironde;Lorignac;3.72
Saint-Fort-sur-Gironde;Saint-Dizant-du-Gua;4.09
Saint-Fort-sur-Gironde;Saint-Germain-du-Seudre;6.39
Saint-Fort-sur-Gironde;Saint-Romain-sur-Gironde;3.43
Saint-Froult;Bourcefranc-le-Chapus;9.25
Saint-Froult;Moëze;2.86
Saint-Froult;Port-des-Barques;3.27
Saint-Froult;Saint-Nazaire-sur-Charente;4.2
Saint-Froult;Soubise;4.65
Saint-Félix;Bernay-Saint-Martin;3.45
Saint-Félix;Courant;6.37
Saint-Félix;Dœuil-sur-le-Mignon;5.38
Saint-Félix;Marsais;3.34
Saint-Félix;Migré;3.73
Saint-Genis-de-Saintonge;Bois;3.57
Saint-Genis-de-Saintonge;Mosnac;3.32
Saint-Genis-de-Saintonge;Plassac;3.32
Saint-Genis-de-Saintonge;Saint-Palais-de-Phiolin;4.23
Saint-Genis-de-Saintonge;Saint-Sigismond-de-Clermont;4.07
Saint-Georges-Antignac;Clam;2.96
Saint-Georges-Antignac;Clion;3.16
Saint-Georges-Antignac;Lussac;2.83
Saint-Georges-Antignac;Marignac;3.2
Saint-Georges-Antignac;Saint-Grégoire-d'Ardennes;2.89
Saint-Georges-d'Oléron;La Brée-les-Bains;4.07
Saint-Georges-d'Oléron;Saint-Denis-d'Oléron;7.09
Saint-Georges-d'Oléron;Saint-Pierre-d'Oléron;4.32
Saint-Georges-d'Oléron;Île-d'Aix;12.87
Saint-Georges-de-Didonne;Meschers-sur-Gironde;4.25
Saint-Georges-de-Didonne;Médis;4.65
Saint-Georges-de-Didonne;Royan;4.54
Saint-Georges-de-Didonne;Semussac;5.09
Saint-Georges-de-Didonne;Vaux-sur-Mer;7.64
Saint-Georges-de-Longuepierre;Aulnay;4.5
Saint-Georges-de-Longuepierre;Blanzay-sur-Boutonne;2.58
Saint-Georges-de-Longuepierre;Dampierre-sur-Boutonne;3.52
Saint-Georges-de-Longuepierre;Nuaillé-sur-Boutonne;3.02
Saint-Georges-des-Agoûts;Saint-Bonnet-sur-Gironde;3.92
Saint-Georges-des-Agoûts;Saint-Sorlin-de-Conac;4.07
Saint-Georges-des-Agoûts;Saint-Thomas-de-Conac;4.21
Saint-Georges-des-Agoûts;Sainte-Ramée;4.98
Saint-Georges-des-Agoûts;Semoussac;2.57
Saint-Georges-des-Coteaux;Nieul-lès-Saintes;3.88
Saint-Georges-des-Coteaux;Pessines;5.15
Saint-Georges-des-Coteaux;Plassay;6.46
Saint-Georges-des-Coteaux;Saintes;5.08
Saint-Georges-des-Coteaux;Écurat;2.67
Saint-Georges-du-Bois;Benon;7.09
Saint-Georges-du-Bois;Cramchaban;7.38
Saint-Georges-du-Bois;La Laigne;7.41
Saint-Georges-du-Bois;Saint-Mard;7.16
Saint-Georges-du-Bois;Saint-Pierre-d'Amilly;4.22
Saint-Georges-du-Bois;Saint-Saturnin-du-Bois;5.82
Saint-Georges-du-Bois;Surgères;5.19
Saint-Georges-du-Bois;Vouhé;4.49
Saint-Germain-de-Lusignan;Clam;3.12
Saint-Germain-de-Lusignan;Jonzac;2.77
Saint-Germain-de-Lusignan;Lussac;2.33
Saint-Germain-de-Lusignan;Saint-Hilaire-du-Bois;5.26
Saint-Germain-de-Lusignan;Saint-Martial-de-Vitaterne;1.06
Saint-Germain-de-Lusignan;Saint-Simon-de-Bordes;5.97
Saint-Germain-de-Marencennes;Genouillé;5.54
Saint-Germain-de-Marencennes;La Devise;3.83
Saint-Germain-de-Marencennes;Landrais;4.51
Saint-Germain-de-Marencennes;Muron;8.03
Saint-Germain-de-Marencennes;Péré;3.05
Saint-Germain-de-Marencennes;Surgères;5.39
Saint-Germain-de-Vibrac;Meux;3.28
Saint-Germain-de-Vibrac;Mortiers;2.49
Saint-Germain-de-Vibrac;Saint-Ciers-Champagne;3.58
Saint-Germain-de-Vibrac;Saint-Maigrin;3.91
Saint-Germain-de-Vibrac;Saint-Médard;3.09
Saint-Germain-du-Seudre;Brie-sous-Mortagne;4.23
Saint-Germain-du-Seudre;Champagnolles;2.99
Saint-Germain-du-Seudre;Gémozac;5.38
Saint-Germain-du-Seudre;Lorignac;5.95
Saint-Germain-du-Seudre;Saint-Fort-sur-Gironde;6.39
Saint-Germain-du-Seudre;Virollet;4.33
Saint-Grégoire-d'Ardennes;Avy;4.58
Saint-Grégoire-d'Ardennes;Clion;4.38
Saint-Grégoire-d'Ardennes;Fléac-sur-Seugne;2.68
Saint-Grégoire-d'Ardennes;Marignac;3.06
Saint-Grégoire-d'Ardennes;Mosnac;2.7
Saint-Grégoire-d'Ardennes;Saint-Georges-Antignac;2.89
Saint-Hilaire-de-Villefranche;Asnières-la-Giraud;4.32
Saint-Hilaire-de-Villefranche;Fenioux;5.44
Saint-Hilaire-de-Villefranche;Juicq;3.83
Saint-Hilaire-de-Villefranche;La Frédière;3.95
Saint-Hilaire-de-Villefranche;Mazeray;6.58
Saint-Hilaire-de-Villefranche;Nantillé;4.1
Saint-Hilaire-de-Villefranche;Écoyeux;5.1
Saint-Hilaire-du-Bois;Agudelle;5.36
Saint-Hilaire-du-Bois;Allas-Bocage;5.17
Saint-Hilaire-du-Bois;Guitinières;2.41
Saint-Hilaire-du-Bois;Lussac;4.44
Saint-Hilaire-du-Bois;Nieul-le-Virouil;3.63
Saint-Hilaire-du-Bois;Saint-Germain-de-Lusignan;5.26
Saint-Hilaire-du-Bois;Saint-Simon-de-Bordes;3.44
Saint-Hippolyte;Cabariot;4.38
Saint-Hippolyte;La Vallée;5.61
Saint-Hippolyte;Loire-les-Marais;8.28
Saint-Hippolyte;Rochefort;5.83
Saint-Hippolyte;Tonnay-Charente;5.39
Saint-Hippolyte;Trizay;4.16
Saint-Hippolyte;Échillais;4.22
Saint-Jean-d'Angle;Beaugeay;5.14
Saint-Jean-d'Angle;Champagne;4.32
Saint-Jean-d'Angle;Hiers-Brouage;6.35
Saint-Jean-d'Angle;La Gripperie-Saint-Symphorien;4.64
Saint-Jean-d'Angle;Saint-Agnant;4.34
Saint-Jean-d'Angle;Saint-Just-Luzac;7.56
Saint-Jean-d'Angle;Saint-Sornin;6.76
Saint-Jean-d'Angély;Asnières-la-Giraud;5.52
Saint-Jean-d'Angély;Courcelles;3.49
Saint-Jean-d'Angély;Essouvert;5.83
Saint-Jean-d'Angély;La Vergne;4.83
Saint-Jean-d'Angély;Mazeray;4.3
Saint-Jean-d'Angély;Saint-Julien-de-l'Escap;3.1
Saint-Jean-d'Angély;Ternant;3.24
Saint-Jean-de-Liversay;Ferrières;6.01
Saint-Jean-de-Liversay;Marans;8.3
Saint-Jean-de-Liversay;Nuaillé-d'Aunis;5.89
Saint-Jean-de-Liversay;Saint-Cyr-du-Doret;4.42
Saint-Jean-de-Liversay;Saint-Sauveur-d'Aunis;7.76
Saint-Jean-de-Liversay;Taugon;5.7
Saint-Julien-de-l'Escap;Asnières-la-Giraud;4.37
Saint-Julien-de-l'Escap;Courcelles;3.35
Saint-Julien-de-l'Escap;Fontenet;3.07
Saint-Julien-de-l'Escap;Poursay-Garnaud;3.44
Saint-Julien-de-l'Escap;Saint-Jean-d'Angély;3.1
Saint-Just-Luzac;Arvert;7.54
Saint-Just-Luzac;Chaillevette;7.21
Saint-Just-Luzac;Hiers-Brouage;5.46
Saint-Just-Luzac;Marennes;5.27
Saint-Just-Luzac;Nieulle-sur-Seudre;4.66
Saint-Just-Luzac;Saint-Jean-d'Angle;7.56
Saint-Just-Luzac;Saint-Sornin;6.72
Saint-Laurent-de-la-Barrière;Annezay;2.53
Saint-Laurent-de-la-Barrière;Chervettes;1.53
Saint-Laurent-de-la-Barrière;La Devise;4.37
Saint-Laurent-de-la-Barrière;Saint-Crépin;4.69
Saint-Laurent-de-la-Prée;Breuil-Magné;4.94
Saint-Laurent-de-la-Prée;Fouras;3.88
Saint-Laurent-de-la-Prée;Saint-Nazaire-sur-Charente;4.98
Saint-Laurent-de-la-Prée;Vergeroux;3.54
Saint-Laurent-de-la-Prée;Yves;5.74
Saint-Loup;Annezay;3.93
Saint-Loup;Chantemerle-sur-la-Soie;2.96
Saint-Loup;Landes;3.7
Saint-Loup;Nachamps;3.06
Saint-Loup;Puyrolland;3.78
Saint-Léger;Berneuil;5.02
Saint-Léger;Colombiers;3.13
Saint-Léger;Jazennes;5.19
Saint-Léger;La Jard;4.78
Saint-Léger;Pons;4.49
Saint-Léger;Saint-Seurin-de-Palenne;4.44
Saint-Léger;Villars-en-Pons;4.83
Saint-Maigrin;Boresse-et-Martron;19.76
Saint-Maigrin;Bran;7.38
Saint-Maigrin;Chevanceaux;13.9
Saint-Maigrin;Mortiers;3.85
Saint-Maigrin;Saint-Ciers-Champagne;4.14
Saint-Maigrin;Saint-Eugène;9.22
Saint-Maigrin;Saint-Germain-de-Vibrac;3.91
Saint-Maigrin;Vanzac;6.48
Saint-Mandé-sur-Brédoire;Aulnay;5.73
Saint-Mandé-sur-Brédoire;Contré;3.07
Saint-Mandé-sur-Brédoire;La Villedieu;4.66
Saint-Mandé-sur-Brédoire;Villemorin;5.38
Saint-Mandé-sur-Brédoire;Vinax;5.13
Saint-Mard;Bernay-Saint-Martin;6.17
Saint-Mard;Breuil-la-Réorte;3.29
Saint-Mard;La Devise;6.31
Saint-Mard;Marsais;6.7
Saint-Mard;Saint-Georges-du-Bois;7.16
Saint-Mard;Saint-Saturnin-du-Bois;5.74
Saint-Mard;Surgères;4.66
Saint-Martial;Blanzay-sur-Boutonne;2.6
Saint-Martial;Coivert;2.45
Saint-Martial;La Jarrie-Audouin;2.19
Saint-Martial;Saint-Pierre-de-l'Isle;2.13
Saint-Martial-de-Mirambeau;Mirambeau;2.76
Saint-Martial-de-Mirambeau;Saint-Bonnet-sur-Gironde;5.73
Saint-Martial-de-Mirambeau;Saint-Dizant-du-Bois;3.2
Saint-Martial-de-Mirambeau;Semillac;2.5
Saint-Martial-de-Mirambeau;Semoussac;2.68
Saint-Martial-de-Vitaterne;Clam;3.49
Saint-Martial-de-Vitaterne;Jonzac;2.3
Saint-Martial-de-Vitaterne;Neuillac;6.27
Saint-Martial-de-Vitaterne;Neulles;5.23
Saint-Martial-de-Vitaterne;Réaux sur Trèfle;3.92
Saint-Martial-de-Vitaterne;Saint-Germain-de-Lusignan;1.06
Saint-Martial-sur-Né;Celles;3.75
Saint-Martial-sur-Né;Cierzac;4.83
Saint-Martial-sur-Né;Germignac;3.0
Saint-Martial-sur-Né;Jarnac-Champagne;3.89
Saint-Martial-sur-Né;Lonzac;2.45
Saint-Martial-sur-Né;Sainte-Lheurine;6.28
Saint-Martin-d'Ary;Clérac;5.89
Saint-Martin-d'Ary;Montguyon;2.62
Saint-Martin-d'Ary;Neuvicq;4.85
Saint-Martin-d'Ary;Orignolles;2.61
Saint-Martin-d'Ary;Saint-Palais-de-Négrignac;6.25
Saint-Martin-de-Coux;Boscamnant;5.97
Saint-Martin-de-Coux;La Barde;4.18
Saint-Martin-de-Coux;La Clotte;4.21
Saint-Martin-de-Coux;Le Fouilloux;6.77
Saint-Martin-de-Coux;Saint-Pierre-du-Palais;3.53
Saint-Martin-de-Juillers;Bagnizeau;4.8
Saint-Martin-de-Juillers;Cherbonnières;3.22
Saint-Martin-de-Juillers;Gibourne;2.76
Saint-Martin-de-Juillers;La Brousse;4.37
Saint-Martin-de-Juillers;Saint-Pierre-de-Juillers;3.23
Saint-Martin-de-Ré;Charron;24.43
Saint-Martin-de-Ré;La Couarde-sur-Mer;5.39
Saint-Martin-de-Ré;La Flotte;4.12
Saint-Martin-de-Ré;Le Bois-Plage-en-Ré;1.98
Saint-Martin-de-Ré;Loix;6.67
Saint-Martin-de-Ré;Nieul-sur-Mer;15.54
Saint-Médard;Champagnac;3.66
Saint-Médard;Chaunac;4.86
Saint-Médard;Fontaines-d'Ozillac;3.33
Saint-Médard;Léoville;2.97
Saint-Médard;Meux;4.81
Saint-Médard;Mortiers;2.45
Saint-Médard;Ozillac;3.94
Saint-Médard;Saint-Germain-de-Vibrac;3.09
Saint-Médard-d'Aunis;Anais;5.18
Saint-Médard-d'Aunis;Angliers;5.4
Saint-Médard-d'Aunis;Bourgneuf;4.34
Saint-Médard-d'Aunis;Croix-Chapeau;6.72
Saint-Médard-d'Aunis;La Jarrie;5.22
Saint-Médard-d'Aunis;Montroy;3.9
Saint-Médard-d'Aunis;Saint-Christophe;2.6
Saint-Médard-d'Aunis;Vérines;4.25
Saint-Nazaire-sur-Charente;Fouras;5.84
Saint-Nazaire-sur-Charente;Port-des-Barques;3.42
Saint-Nazaire-sur-Charente;Rochefort;4.33
Saint-Nazaire-sur-Charente;Saint-Froult;4.2
Saint-Nazaire-sur-Charente;Saint-Laurent-de-la-Prée;4.98
Saint-Nazaire-sur-Charente;Soubise;4.22
Saint-Nazaire-sur-Charente;Vergeroux;4.69
Saint-Ouen-d'Aunis;Andilly;3.87
Saint-Ouen-d'Aunis;Dompierre-sur-Mer;5.77
Saint-Ouen-d'Aunis;Longèves;4.51
Saint-Ouen-d'Aunis;Sainte-Soulle;4.23
Saint-Ouen-d'Aunis;Villedoux;3.54
Saint-Ouen-la-Thène;Beauvais-sur-Matha;3.31
Saint-Ouen-la-Thène;Bresdon;1.92
Saint-Ouen-la-Thène;Massac;3.69
Saint-Ouen-la-Thène;Neuvicq-le-Château;5.81
Saint-Ouen-la-Thène;Siecq;3.15
Saint-Palais-de-Négrignac;Boresse-et-Martron;5.9
Saint-Palais-de-Négrignac;Chevanceaux;2.86
Saint-Palais-de-Négrignac;Neuvicq;3.58
Saint-Palais-de-Négrignac;Orignolles;6.46
Saint-Palais-de-Négrignac;Pouillac;4.47
Saint-Palais-de-Négrignac;Saint-Martin-d'Ary;6.25
Saint-Palais-de-Phiolin;Belluire;3.23
Saint-Palais-de-Phiolin;Bois;4.12
Saint-Palais-de-Phiolin;Champagnolles;4.44
Saint-Palais-de-Phiolin;Givrezac;4.28
Saint-Palais-de-Phiolin;Mosnac;4.12
Saint-Palais-de-Phiolin;Saint-Genis-de-Saintonge;4.23
Saint-Palais-de-Phiolin;Saint-Quantin-de-Rançanne;2.23
Saint-Palais-sur-Mer;Breuillet;5.41
Saint-Palais-sur-Mer;Les Mathes;7.61
Saint-Palais-sur-Mer;Meschers-sur-Gironde;15.25
Saint-Palais-sur-Mer;Saint-Augustin;3.13
Saint-Palais-sur-Mer;Saint-Sorlin-de-Conac;46.16
Saint-Palais-sur-Mer;Vaux-sur-Mer;3.63
Saint-Pardoult;Antezant-la-Chapelle;2.45
Saint-Pardoult;La Jarrie-Audouin;3.82
Saint-Pardoult;Les Églises-d'Argenteuil;3.83
Saint-Pardoult;Nuaillé-sur-Boutonne;3.68
Saint-Pardoult;Saint-Pierre-de-l'Isle;2.66
Saint-Pardoult;Vervant;4.09
Saint-Pierre-d'Amilly;Cramchaban;4.64
Saint-Pierre-d'Amilly;Dœuil-sur-le-Mignon;12.86
Saint-Pierre-d'Amilly;Marsais;8.53
Saint-Pierre-d'Amilly;Saint-Georges-du-Bois;4.22
Saint-Pierre-d'Amilly;Saint-Saturnin-du-Bois;4.68
Saint-Pierre-d'Oléron;Dolus-d'Oléron;4.99
Saint-Pierre-d'Oléron;Le Grand-Village-Plage;9.9
Saint-Pierre-d'Oléron;Les Mathes;28.0
Saint-Pierre-d'Oléron;Saint-Denis-d'Oléron;11.21
Saint-Pierre-d'Oléron;Saint-Georges-d'Oléron;4.32
Saint-Pierre-d'Oléron;Saint-Trojan-les-Bains;13.43
Saint-Pierre-d'Oléron;Île-d'Aix;13.67
Saint-Pierre-de-Juillers;Cherbonnières;4.25
Saint-Pierre-de-Juillers;La Brousse;5.08
Saint-Pierre-de-Juillers;Les Églises-d'Argenteuil;4.75
Saint-Pierre-de-Juillers;Paillé;4.46
Saint-Pierre-de-Juillers;Saint-Martin-de-Juillers;3.23
Saint-Pierre-de-Juillers;Varaize;4.16
Saint-Pierre-de-l'Isle;Blanzay-sur-Boutonne;3.21
Saint-Pierre-de-l'Isle;La Jarrie-Audouin;2.89
Saint-Pierre-de-l'Isle;Nuaillé-sur-Boutonne;2.95
Saint-Pierre-de-l'Isle;Saint-Martial;2.13
Saint-Pierre-de-l'Isle;Saint-Pardoult;2.66
Saint-Pierre-du-Palais;Cercoux;5.68
Saint-Pierre-du-Palais;Clérac;6.67
Saint-Pierre-du-Palais;La Clotte;4.86
Saint-Pierre-du-Palais;Le Fouilloux;5.54
Saint-Pierre-du-Palais;Montguyon;5.89
Saint-Pierre-du-Palais;Saint-Martin-de-Coux;3.53
Saint-Porchaire;Geay;4.55
Saint-Porchaire;Les Essards;3.14
Saint-Porchaire;Plassay;3.56
Saint-Porchaire;Romegoux;4.73
Saint-Porchaire;Saint-Sulpice-d'Arnoult;4.14
Saint-Porchaire;Soulignonne;4.98
Saint-Quantin-de-Rançanne;Belluire;3.23
Saint-Quantin-de-Rançanne;Givrezac;2.84
Saint-Quantin-de-Rançanne;Mazerolles;2.75
Saint-Quantin-de-Rançanne;Saint-Palais-de-Phiolin;2.23
Saint-Quantin-de-Rançanne;Tanzac;3.34
Saint-Rogatien;Bourgneuf;3.99
Saint-Rogatien;Clavette;1.98
Saint-Rogatien;Dompierre-sur-Mer;4.32
Saint-Rogatien;La Jarne;2.77
Saint-Rogatien;Périgny;2.47
Saint-Romain-de-Benet;Balanzac;6.33
Saint-Romain-de-Benet;Corme-Royal;7.01
Saint-Romain-de-Benet;Corme-Écluse;6.65
Saint-Romain-de-Benet;Le Chay;6.7
Saint-Romain-de-Benet;Meursac;5.21
Saint-Romain-de-Benet;Nancras;6.36
Saint-Romain-de-Benet;Pisany;5.02
Saint-Romain-de-Benet;Sablonceaux;3.91
Saint-Romain-sur-Gironde;Barzan;12.15
Saint-Romain-sur-Gironde;Chenac-Saint-Seurin-d'Uzet;8.05
Saint-Romain-sur-Gironde;Floirac;3.12
Saint-Romain-sur-Gironde;Mortagne-sur-Gironde;5.43
Saint-Romain-sur-Gironde;Saint-Dizant-du-Gua;4.93
Saint-Romain-sur-Gironde;Saint-Fort-sur-Gironde;3.43
Saint-Romain-sur-Gironde;Saint-Sorlin-de-Conac;11.72
Saint-Romain-sur-Gironde;Saint-Thomas-de-Conac;8.22
Saint-Romain-sur-Gironde;Talmont-sur-Gironde;14.99
Saint-Saturnin-du-Bois;Marsais;4.08
Saint-Saturnin-du-Bois;Saint-Georges-du-Bois;5.82
Saint-Saturnin-du-Bois;Saint-Mard;5.74
Saint-Saturnin-du-Bois;Saint-Pierre-d'Amilly;4.68
Saint-Sauvant;Chaniers;4.24
Saint-Sauvant;Chérac;4.49
Saint-Sauvant;Dompierre-sur-Charente;2.72
Saint-Sauvant;La Chapelle-des-Pots;4.57
Saint-Sauvant;Saint-Césaire;2.61
Saint-Sauvant;Saint-Sever-de-Saintonge;4.95
Saint-Sauveur-d'Aunis;Anais;3.98
Saint-Sauveur-d'Aunis;Angliers;4.45
Saint-Sauveur-d'Aunis;Ferrières;3.6
Saint-Sauveur-d'Aunis;Le Gué-d'Alleré;2.99
Saint-Sauveur-d'Aunis;Nuaillé-d'Aunis;4.17
Saint-Sauveur-d'Aunis;Saint-Jean-de-Liversay;7.76
Saint-Savinien;Archingeay;5.6
Saint-Savinien;Crazannes;4.55
Saint-Savinien;Le Mung;3.28
Saint-Savinien;Les Nouillers;5.66
Saint-Savinien;Port-d'Envaux;7.59
Saint-Savinien;Taillant;4.63
Saint-Savinien;Taillebourg;5.58
Saint-Seurin-de-Palenne;Bougneau;2.53
Saint-Seurin-de-Palenne;Colombiers;3.98
Saint-Seurin-de-Palenne;Montils;3.95
Saint-Seurin-de-Palenne;Pons;6.09
Saint-Seurin-de-Palenne;Pérignac;4.49
Saint-Seurin-de-Palenne;Saint-Léger;4.44
Saint-Sever-de-Saintonge;Chaniers;5.36
Saint-Sever-de-Saintonge;Colombiers;5.98
Saint-Sever-de-Saintonge;Courcoury;3.6
Saint-Sever-de-Saintonge;Dompierre-sur-Charente;2.65
Saint-Sever-de-Saintonge;La Jard;5.42
Saint-Sever-de-Saintonge;Montils;3.76
Saint-Sever-de-Saintonge;Rouffiac;2.37
Saint-Sever-de-Saintonge;Saint-Sauvant;4.95
Saint-Sigismond-de-Clermont;Clion;3.82
Saint-Sigismond-de-Clermont;Consac;4.68
Saint-Sigismond-de-Clermont;Guitinières;2.78
Saint-Sigismond-de-Clermont;Mosnac;6.13
Saint-Sigismond-de-Clermont;Nieul-le-Virouil;4.01
Saint-Sigismond-de-Clermont;Plassac;2.59
Saint-Sigismond-de-Clermont;Saint-Dizant-du-Bois;5.53
Saint-Sigismond-de-Clermont;Saint-Genis-de-Saintonge;4.07
Saint-Simon-de-Bordes;Agudelle;3.46
Saint-Simon-de-Bordes;Jonzac;3.95
Saint-Simon-de-Bordes;Ozillac;3.88
Saint-Simon-de-Bordes;Saint-Germain-de-Lusignan;5.97
Saint-Simon-de-Bordes;Saint-Hilaire-du-Bois;3.44
Saint-Simon-de-Bordes;Villexavier;3.72
Saint-Simon-de-Pellouaille;Cravans;3.46
Saint-Simon-de-Pellouaille;Gémozac;5.39
Saint-Simon-de-Pellouaille;Rioux;4.16
Saint-Simon-de-Pellouaille;Tesson;2.89
Saint-Simon-de-Pellouaille;Villars-en-Pons;3.66
Saint-Sorlin-de-Conac;Les Mathes;53.77
Saint-Sorlin-de-Conac;Meschers-sur-Gironde;31.13
Saint-Sorlin-de-Conac;Saint-Bonnet-sur-Gironde;4.3
Saint-Sorlin-de-Conac;Saint-Georges-des-Agoûts;4.07
Saint-Sorlin-de-Conac;Saint-Palais-sur-Mer;46.16
Saint-Sorlin-de-Conac;Saint-Romain-sur-Gironde;11.72
Saint-Sorlin-de-Conac;Saint-Thomas-de-Conac;3.93
Saint-Sorlin-de-Conac;Talmont-sur-Gironde;26.34
Saint-Sornin;La Gripperie-Saint-Symphorien;2.97
Saint-Sornin;Le Gua;4.93
Saint-Sornin;Nieulle-sur-Seudre;4.42
Saint-Sornin;Saint-Jean-d'Angle;6.76
Saint-Sornin;Saint-Just-Luzac;6.72
Saint-Sulpice-d'Arnoult;Balanzac;7.67
Saint-Sulpice-d'Arnoult;Beurlay;5.21
Saint-Sulpice-d'Arnoult;Pont-l'Abbé-d'Arnoult;3.19
Saint-Sulpice-d'Arnoult;Romegoux;5.38
Saint-Sulpice-d'Arnoult;Saint-Porchaire;4.14
Saint-Sulpice-d'Arnoult;Sainte-Gemme;6.87
Saint-Sulpice-d'Arnoult;Soulignonne;4.82
Saint-Sulpice-de-Royan;Breuillet;4.38
Saint-Sulpice-de-Royan;L'Éguille;3.76
Saint-Sulpice-de-Royan;Mornac-sur-Seudre;3.99
Saint-Sulpice-de-Royan;Médis;5.16
Saint-Sulpice-de-Royan;Royan;4.42
Saint-Sulpice-de-Royan;Vaux-sur-Mer;5.17
Saint-Séverin-sur-Boutonne;Blanzay-sur-Boutonne;3.9
Saint-Séverin-sur-Boutonne;Coivert;3.59
Saint-Séverin-sur-Boutonne;Dampierre-sur-Boutonne;3.61
Saint-Séverin-sur-Boutonne;Dœuil-sur-le-Mignon;10.1
Saint-Séverin-sur-Boutonne;La Ronde;36.22
Saint-Séverin-sur-Boutonne;La Villedieu;8.59
Saint-Séverin-sur-Boutonne;Villeneuve-la-Comtesse;4.82
Saint-Thomas-de-Conac;Saint-Dizant-du-Gua;3.91
Saint-Thomas-de-Conac;Saint-Georges-des-Agoûts;4.21
Saint-Thomas-de-Conac;Saint-Romain-sur-Gironde;8.22
Saint-Thomas-de-Conac;Saint-Sorlin-de-Conac;3.93
Saint-Thomas-de-Conac;Sainte-Ramée;4.1
Saint-Trojan-les-Bains;Bourcefranc-le-Chapus;7.41
Saint-Trojan-les-Bains;La Tremblade;8.53
Saint-Trojan-les-Bains;Le Château-d'Oléron;5.56
Saint-Trojan-les-Bains;Le Grand-Village-Plage;3.56
Saint-Trojan-les-Bains;Les Mathes;14.67
Saint-Trojan-les-Bains;Saint-Pierre-d'Oléron;13.43
Saint-Vaize;Annepont;3.41
Saint-Vaize;Bussac-sur-Charente;2.7
Saint-Vaize;Le Douhet;3.48
Saint-Vaize;Port-d'Envaux;3.95
Saint-Vaize;Taillebourg;3.43
Saint-Vivien;Châtelaillon-Plage;2.64
Saint-Vivien;Salles-sur-Mer;2.93
Saint-Vivien;Thairé;3.44
Saint-Vivien;Yves;4.26
Saint-Xandre;Dompierre-sur-Mer;3.68
Saint-Xandre;Esnandes;4.29
Saint-Xandre;Marsilly;3.69
Saint-Xandre;Puilboreau;3.5
Saint-Xandre;Villedoux;3.69
Sainte-Colombe;Bran;7.62
Sainte-Colombe;Chatenet;2.32
Sainte-Colombe;Chevanceaux;5.17
Sainte-Colombe;Le Pin;4.14
Sainte-Colombe;Montlieu-la-Garde;5.38
Sainte-Colombe;Polignac;2.51
Sainte-Colombe;Pouillac;1.65
Sainte-Gemme;Balanzac;4.82
Sainte-Gemme;Champagne;6.39
Sainte-Gemme;La Gripperie-Saint-Symphorien;5.0
Sainte-Gemme;Le Gua;7.8
Sainte-Gemme;Nancras;3.33
Sainte-Gemme;Pont-l'Abbé-d'Arnoult;6.02
Sainte-Gemme;Sablonceaux;6.81
Sainte-Gemme;Saint-Sulpice-d'Arnoult;6.87
Sainte-Lheurine;Allas-Champagne;5.7
Sainte-Lheurine;Archiac;4.3
Sainte-Lheurine;Arthenac;3.36
Sainte-Lheurine;Germignac;4.44
Sainte-Lheurine;Jarnac-Champagne;5.15
Sainte-Lheurine;Neuillac;3.45
Sainte-Lheurine;Réaux sur Trèfle;6.57
Sainte-Lheurine;Saint-Martial-sur-Né;6.28
Sainte-Marie-de-Ré;La Brée-les-Bains;16.63
Sainte-Marie-de-Ré;La Flotte;2.59
Sainte-Marie-de-Ré;Le Bois-Plage-en-Ré;5.15
Sainte-Marie-de-Ré;Rivedoux-Plage;2.99
Sainte-Marie-de-Ré;Saint-Denis-d'Oléron;15.55
Sainte-Même;Aumagne;3.49
Sainte-Même;Authon-Ébéon;4.84
Sainte-Même;Bercloux;4.5
Sainte-Même;Fontenet;2.92
Sainte-Même;Nantillé;2.91
Sainte-Même;Varaize;5.29
Sainte-Radegonde;Beurlay;2.53
Sainte-Radegonde;Champagne;4.04
Sainte-Radegonde;La Vallée;5.07
Sainte-Radegonde;Pont-l'Abbé-d'Arnoult;2.67
Sainte-Radegonde;Trizay;4.41
Sainte-Ramée;Lorignac;4.62
Sainte-Ramée;Saint-Ciers-du-Taillon;2.78
Sainte-Ramée;Saint-Dizant-du-Gua;3.71
Sainte-Ramée;Saint-Georges-des-Agoûts;4.98
Sainte-Ramée;Saint-Thomas-de-Conac;4.1
Sainte-Ramée;Semoussac;4.49
Sainte-Soulle;Bourgneuf;2.8
Sainte-Soulle;Dompierre-sur-Mer;4.09
Sainte-Soulle;Longèves;5.91
Sainte-Soulle;Saint-Ouen-d'Aunis;4.23
Sainte-Soulle;Vérines;3.39
Saintes;Bussac-sur-Charente;5.87
Saintes;Chermignac;5.9
Saintes;Fontcouverte;5.4
Saintes;Les Gonds;5.2
Saintes;Pessines;5.15
Saintes;Saint-Georges-des-Coteaux;5.08
Saintes;Thénac;7.39
Saintes;Écurat;6.74
Saleignes;Les Éduts;2.72
Saleignes;Romazières;3.03
Saleignes;Villiers-Couture;4.51
Salignac-de-Mirambeau;Agudelle;3.64
Salignac-de-Mirambeau;Allas-Bocage;3.78
Salignac-de-Mirambeau;Chamouillac;5.15
Salignac-de-Mirambeau;Courpignac;4.31
Salignac-de-Mirambeau;Rouffignac;2.83
Salignac-de-Mirambeau;Soubran;2.97
Salignac-sur-Charente;Brives-sur-Charente;3.13
Salignac-sur-Charente;Celles;6.97
Salignac-sur-Charente;Chérac;5.43
Salignac-sur-Charente;Coulonges;6.79
Salignac-sur-Charente;Le Seure;14.5
Salignac-sur-Charente;Pérignac;4.97
Salles-sur-Mer;Châtelaillon-Plage;4.07
Salles-sur-Mer;Clavette;4.59
Salles-sur-Mer;Croix-Chapeau;4.11
Salles-sur-Mer;La Jarne;2.59
Salles-sur-Mer;La Jarrie;3.92
Salles-sur-Mer;Saint-Vivien;2.93
Salles-sur-Mer;Thairé;4.62
Saujon;L'Éguille;4.47
Saujon;Le Chay;4.69
Saujon;Le Gua;6.09
Saujon;Médis;4.02
Saujon;Sablonceaux;5.33
Seigné;Cressé;3.93
Seigné;Fontaine-Chalendray;2.91
Seigné;Le Gicq;3.38
Seigné;Les Éduts;5.17
Seigné;Néré;3.63
Seigné;Romazières;5.25
Semillac;Consac;1.99
Semillac;Saint-Dizant-du-Bois;1.69
Semillac;Saint-Martial-de-Mirambeau;2.5
Semillac;Semoussac;2.85
Semoussac;Consac;4.22
Semoussac;Saint-Bonnet-sur-Gironde;5.72
Semoussac;Saint-Ciers-du-Taillon;4.66
Semoussac;Saint-Georges-des-Agoûts;2.57
Semoussac;Saint-Martial-de-Mirambeau;2.68
Semoussac;Sainte-Ramée;4.49
Semoussac;Semillac;2.85
Semussac;Arces;5.4
Semussac;Corme-Écluse;5.42
Semussac;Le Chay;4.73
Semussac;Meschers-sur-Gironde;3.88
Semussac;Médis;5.81
Semussac;Saint-Georges-de-Didonne;5.09
Semussac;Talmont-sur-Gironde;6.29
Siecq;Ballans;4.42
Siecq;Louzignac;3.08
Siecq;Macqueville;4.98
Siecq;Massac;3.33
Siecq;Neuvicq-le-Château;3.82
Siecq;Saint-Ouen-la-Thène;3.15
Sonnac;Brie-sous-Matha;2.68
Sonnac;Haimps;4.11
Sonnac;Matha;4.48
Sonnac;Mons;5.08
Sonnac;Thors;2.71
Soubise;Beaugeay;4.44
Soubise;Moëze;4.48
Soubise;Rochefort;4.39
Soubise;Saint-Froult;4.65
Soubise;Saint-Nazaire-sur-Charente;4.22
Soubise;Échillais;3.88
Soubran;Allas-Bocage;3.58
Soubran;Boisredon;4.52
Soubran;Courpignac;4.69
Soubran;Mirambeau;3.79
Soubran;Nieul-le-Virouil;6.64
Soubran;Salignac-de-Mirambeau;2.97
Soulignonne;Balanzac;5.33
Soulignonne;Corme-Royal;4.03
Soulignonne;La Clisse;6.1
Soulignonne;Les Essards;2.41
Soulignonne;Nieul-lès-Saintes;4.69
Soulignonne;Saint-Porchaire;4.98
Soulignonne;Saint-Sulpice-d'Arnoult;4.82
Souméras;Chamouillac;2.55
Souméras;Corignac;6.5
Souméras;Coux;3.6
Souméras;Montendre;3.98
Souméras;Rouffignac;4.8
Sousmoulins;Chatenet;2.99
Sousmoulins;Jussas;4.02
Sousmoulins;Le Pin;2.9
Sousmoulins;Messac;4.52
Sousmoulins;Mérignac;3.28
Sousmoulins;Polignac;3.46
Sousmoulins;Pommiers-Moulons;2.83
Surgères;La Devise;5.7
Surgères;Puyravault;5.9
Surgères;Péré;5.01
Surgères;Saint-Georges-du-Bois;5.19
Surgères;Saint-Germain-de-Marencennes;5.39
Surgères;Saint-Mard;4.66
Surgères;Vouhé;6.25
Taillant;Bignay;2.71
Taillant;Fenioux;2.84
Taillant;Grandjean;3.31
Taillant;Les Nouillers;4.59
Taillant;Saint-Savinien;4.63
Taillant;Taillebourg;6.37
Taillebourg;Annepont;2.25
Taillebourg;Grandjean;4.23
Taillebourg;Port-d'Envaux;4.13
Taillebourg;Saint-Savinien;5.58
Taillebourg;Saint-Vaize;3.43
Taillebourg;Taillant;6.37
Talmont-sur-Gironde;Arces;2.9
Talmont-sur-Gironde;Barzan;3.0
Talmont-sur-Gironde;Meschers-sur-Gironde;4.84
Talmont-sur-Gironde;Saint-Romain-sur-Gironde;14.99
Talmont-sur-Gironde;Saint-Sorlin-de-Conac;26.34
Talmont-sur-Gironde;Semussac;6.29
Tanzac;Givrezac;1.92
Tanzac;Gémozac;4.64
Tanzac;Jazennes;2.91
Tanzac;Mazerolles;2.89
Tanzac;Saint-Quantin-de-Rançanne;3.34
Tanzac;Villars-en-Pons;5.17
Taugon;La Ronde;3.99
Taugon;Saint-Cyr-du-Doret;5.38
Taugon;Saint-Jean-de-Liversay;5.7
Ternant;Bignay;4.18
Ternant;La Vergne;2.74
Ternant;Mazeray;3.42
Ternant;Saint-Jean-d'Angély;3.24
Ternant;Voissay;3.16
Tesson;Préguillac;4.76
Tesson;Rioux;4.16
Tesson;Saint-Simon-de-Pellouaille;2.89
Tesson;Thénac;4.88
Tesson;Villars-en-Pons;3.77
Thaims;Cozes;5.05
Thaims;Grézac;3.68
Thaims;Meursac;4.66
Thaims;Montpellier-de-Médillan;3.53
Thaims;Saint-André-de-Lidon;4.46
Thaims;Thézac;6.78
Thairé;Ballon;3.6
Thairé;Croix-Chapeau;2.87
Thairé;Saint-Vivien;3.44
Thairé;Salles-sur-Mer;4.62
Thairé;Yves;4.84
Thors;Matha;4.28
Thors;Mons;2.68
Thors;Prignac;2.56
Thors;Sonnac;2.71
Thénac;Chermignac;2.74
Thénac;Les Gonds;4.87
Thénac;Préguillac;2.3
Thénac;Rioux;6.05
Thénac;Saintes;7.39
Thénac;Tesson;4.88
Thézac;Luchat;4.74
Thézac;Meursac;3.61
Thézac;Montpellier-de-Médillan;5.51
Thézac;Pisany;3.17
Thézac;Rétaud;4.66
Thézac;Thaims;6.78
Thézac;Varzay;4.46
Tonnay-Boutonne;Annezay;4.1
Tonnay-Boutonne;Archingeay;5.2
Tonnay-Boutonne;Chantemerle-sur-la-Soie;5.17
Tonnay-Boutonne;Les Nouillers;6.09
Tonnay-Boutonne;Puy-du-Lac;4.71
Tonnay-Boutonne;Saint-Crépin;3.35
Tonnay-Charente;Cabariot;4.39
Tonnay-Charente;Loire-les-Marais;5.25
Tonnay-Charente;Lussant;4.64
Tonnay-Charente;Muron;5.38
Tonnay-Charente;Saint-Hippolyte;5.39
Torxé;Chantemerle-sur-la-Soie;1.45
Torxé;Landes;4.75
Torxé;Les Nouillers;3.23
Torxé;Voissay;3.17
Trizay;Champagne;5.92
Trizay;La Vallée;4.58
Trizay;Saint-Agnant;4.15
Trizay;Saint-Hippolyte;4.16
Trizay;Sainte-Radegonde;4.41
Trizay;Échillais;4.45
Tugéras-Saint-Maurice;Chartuzac;2.15
Tugéras-Saint-Maurice;Expiremont;3.61
Tugéras-Saint-Maurice;Fontaines-d'Ozillac;3.22
Tugéras-Saint-Maurice;Ozillac;5.81
Tugéras-Saint-Maurice;Villexavier;3.61
Vanzac;Bran;3.07
Vanzac;Léoville;3.42
Vanzac;Messac;1.77
Vanzac;Mortiers;4.87
Vanzac;Mérignac;3.21
Vanzac;Saint-Maigrin;6.48
Varaize;Aumagne;4.88
Varaize;Fontenet;3.39
Varaize;La Brousse;5.29
Varaize;Les Églises-d'Argenteuil;6.24
Varaize;Poursay-Garnaud;3.57
Varaize;Saint-Pierre-de-Juillers;4.16
Varaize;Sainte-Même;5.29
Varzay;La Clisse;3.66
Varzay;Luchat;2.29
Varzay;Pessines;3.69
Varzay;Rétaud;3.21
Varzay;Thézac;4.46
Vaux-sur-Mer;Breuillet;5.47
Vaux-sur-Mer;Meschers-sur-Gironde;11.78
Vaux-sur-Mer;Royan;3.36
Vaux-sur-Mer;Saint-Georges-de-Didonne;7.64
Vaux-sur-Mer;Saint-Palais-sur-Mer;3.63
Vaux-sur-Mer;Saint-Sulpice-de-Royan;5.17
Vergeroux;Breuil-Magné;3.35
Vergeroux;Rochefort;3.56
Vergeroux;Saint-Laurent-de-la-Prée;3.54
Vergeroux;Saint-Nazaire-sur-Charente;4.69
Vergné;La Croix-Comtesse;1.61
Vergné;La Jarrie-Audouin;4.69
Vergné;Loulay;2.86
Vergné;Lozay;3.65
Vergné;Migré;3.63
Vervant;Antezant-la-Chapelle;4.07
Vervant;Courcelles;3.04
Vervant;Les Églises-d'Argenteuil;1.9
Vervant;Poursay-Garnaud;2.31
Vervant;Saint-Pardoult;4.09
Vibrac;Chaunac;1.64
Vibrac;Léoville;3.09
Vibrac;Messac;2.16
Vibrac;Pommiers-Moulons;2.61
Villars-en-Pons;Berneuil;6.37
Villars-en-Pons;Gémozac;6.38
Villars-en-Pons;Jazennes;2.56
Villars-en-Pons;Préguillac;7.18
Villars-en-Pons;Saint-Léger;4.83
Villars-en-Pons;Saint-Simon-de-Pellouaille;3.66
Villars-en-Pons;Tanzac;5.17
Villars-en-Pons;Tesson;3.77
Villars-les-Bois;Authon-Ébéon;5.04
Villars-les-Bois;Bercloux;5.05
Villars-les-Bois;Brizambourg;3.32
Villars-les-Bois;Burie;2.2
Villars-les-Bois;Migron;3.14
Villars-les-Bois;Saint-Bris-des-Bois;4.23
Villedoux;Andilly;4.81
Villedoux;Charron;5.62
Villedoux;Dompierre-sur-Mer;6.61
Villedoux;Esnandes;3.19
Villedoux;Saint-Ouen-d'Aunis;3.54
Villedoux;Saint-Xandre;3.69
Villemorin;Aulnay;4.28
Villemorin;Cherbonnières;3.78
Villemorin;Contré;4.18
Villemorin;Loiré-sur-Nie;4.18
Villemorin;Saint-Mandé-sur-Brédoire;5.38
Villeneuve-la-Comtesse;Coivert;3.75
Villeneuve-la-Comtesse;Dœuil-sur-le-Mignon;5.57
Villeneuve-la-Comtesse;La Croix-Comtesse;1.79
Villeneuve-la-Comtesse;Saint-Séverin-sur-Boutonne;4.82
Villexavier;Agudelle;2.38
Villexavier;Chartuzac;4.94
Villexavier;Ozillac;4.32
Villexavier;Rouffignac;4.82
Villexavier;Saint-Simon-de-Bordes;3.72
Villexavier;Tugéras-Saint-Maurice;3.61
Villiers-Couture;Chives;4.34
Villiers-Couture;Fontaine-Chalendray;4.49
Villiers-Couture;Romazières;2.01
Vinax;Contré;4.52
Vinax;La Villedieu;9.25
Vinax;Les Éduts;4.09
Vinax;Saint-Mandé-sur-Brédoire;5.13
Vinax;Saleignes;2.81
Virollet;Boutenac-Touvent;4.95
Virollet;Brie-sous-Mortagne;3.95
Virollet;Cravans;6.5
Virollet;Gémozac;4.4
Virollet;Saint-André-de-Lidon;5.55
Virollet;Saint-Germain-du-Seudre;4.33
Virollet;Épargnes;5.32
Virson;Aigrefeuille-d'Aunis;5.26
Virson;Anais;4.35
Virson;Bouhet;3.36
Virson;Chambon;4.48
Virson;Forges;3.36
Virson;Saint-Christophe;4.9
Voissay;Bignay;2.87
Voissay;La Vergne;3.78
Voissay;Landes;5.31
Voissay;Les Nouillers;4.46
Voissay;Ternant;3.16
Voissay;Torxé;3.17
Vouhé;Benon;5.29
Vouhé;Bouhet;4.88
Vouhé;Puyravault;2.54
Vouhé;Saint-Georges-du-Bois;4.49
Vouhé;Surgères;6.25
Vénérand;Fontcouverte;3.94
Vénérand;La Chapelle-des-Pots;2.83
Vénérand;Le Douhet;3.2
Vénérand;Écoyeux;3.76
Vérines;Angliers;2.09
Vérines;Bourgneuf;4.97
Vérines;Longèves;4.49
Vérines;Saint-Médard-d'Aunis;4.25
Vérines;Sainte-Soulle;3.39
Yves;Ballon;5.02
Yves;Breuil-Magné;6.83
Yves;Châtelaillon-Plage;5.26
Yves;Fouras;7.06
Yves;Saint-Laurent-de-la-Prée;5.74
Yves;Saint-Vivien;4.26
Yves;Thairé;4.84
Échebrune;Biron;3.32
Échebrune;Bougneau;4.38
Échebrune;Chadenac;4.92
Échebrune;Coulonges;2.88
Échebrune;Jarnac-Champagne;5.34
Échebrune;Lonzac;4.39
Échebrune;Pérignac;5.37
Échillais;Beaugeay;5.58
Échillais;Rochefort;4.76
Échillais;Saint-Agnant;3.85
Échillais;Saint-Hippolyte;4.22
Échillais;Soubise;3.88
Échillais;Trizay;4.45
Écoyeux;Brizambourg;3.48
Écoyeux;Juicq;5.29
Écoyeux;La Chapelle-des-Pots;5.7
Écoyeux;Le Douhet;4.64
Écoyeux;Nantillé;5.91
Écoyeux;Saint-Césaire;6.94
Écoyeux;Saint-Hilaire-de-Villefranche;5.1
Écoyeux;Vénérand;3.76
Écurat;Bussac-sur-Charente;5.47
Écurat;Plassay;4.36
Écurat;Port-d'Envaux;3.2
Écurat;Saint-Georges-des-Coteaux;2.67
Écurat;Saintes;6.74
Épargnes;Boutenac-Touvent;5.89
Épargnes;Chenac-Saint-Seurin-d'Uzet;3.74
Épargnes;Cozes;4.02
Épargnes;Mortagne-sur-Gironde;5.47
Épargnes;Saint-André-de-Lidon;5.16
Épargnes;Virollet;5.32
Étaules;Arvert;3.21
Étaules;Breuillet;4.79
Étaules;Chaillevette;2.67
Étaules;Les Mathes;5.78
Étaules;Saint-Augustin;4.09
Île-d'Aix;Angoulins;10.98
Île-d'Aix;Châtelaillon-Plage;9.05
Île-d'Aix;Dolus-d'Oléron;13.87
Île-d'Aix;Fouras;8.18
Île-d'Aix;La Brée-les-Bains;14.09
Île-d'Aix;La Rochelle;15.98
Île-d'Aix;Le Château-d'Oléron;15.65
Île-d'Aix;Port-des-Barques;11.36
Île-d'Aix;Rivedoux-Plage;17.93
Île-d'Aix;Saint-Georges-d'Oléron;12.87
Île-d'Aix;Saint-Pierre-d'Oléron;13.67
